QUESTIONNAIRE_ID,QUESTION_ID,ID,GENERATED,GROUND_TRUTH,BLEU_SCORE,BLEU_SCORE_MEAN,BLEU_SCORE_VAR
1146002,0.0,0,Yes,Completely Disagree,0.0,0.0,0.0
1146002,0.0,1,No,Completely Disagree,0.0,0.0,0.0
1146002,1.0,0,1,Completely Disagree,0.0,0.0,0.0
1146002,1.0,1,2,2,1.0,0.1,0.10000000000000002
1146002,1.0,2,3,3,1.0,0.1,0.10000000000000002
1146002,1.0,3,4,4,1.0,0.1,0.10000000000000002
1146002,1.0,4,5,5,1.0,0.1,0.10000000000000002
1146002,1.0,5,6,6,1.0,0.1,0.1
1146002,1.0,6,7,7,1.0,0.1,0.1
1146002,1.0,7,8,8,1.0,0.1,0.09999999999999999
1146002,1.0,8,9,9,1.0,0.1,0.09999999999999999
1146002,1.0,9,10,Completely Disagree,0.0,0.0,0.0
1146002,2.0,0,Heavy workload,Completely Disagree,0.0,0.0,0.0
1146002,2.0,1,Unreasonable deadlines,Completely Disagree,0.0,0.0,0.0
1146002,2.0,2,Lack of control over tasks,Completely Disagree,0.0,0.0,0.0
1146002,2.0,3,Poor communication with colleagues,Completely Disagree,0.0,0.0,0.0
1146002,2.0,4,Unsupportive work environment,Completely Disagree,0.0,0.0,0.0
1146002,2.0,5,Other (please specify): __________________,Completely Disagree,0.0,0.0,0.0
1146002,3.0,0,"Yes, strongly agree",Completely Disagree,0.0,0.0,0.0
1146002,3.0,1,"Yes, somewhat agree",Completely Disagree,0.0,0.0,0.0
1146002,3.0,2,Neutral,Completely Disagree,0.0,0.0,0.0
1146002,3.0,3,"No, somewhat disagree",Completely Disagree,0.0,0.0,0.0
1146002,3.0,4,"No, strongly disagree",Completely Disagree,0.0,0.0,0.0
1146002,4.0,0,Yes,Completely Disagree,0.0,0.0,0.0
1146002,4.0,1,No,Completely Disagree,0.0,0.0,0.0
1146002,5.0,0,Frequently,Completely Disagree,0.0,0.0,0.0
1146002,5.0,1,Sometimes,Completely Disagree,0.0,0.0,0.0
1146002,5.0,2,Rarely,Completely Disagree,0.0,0.0,0.0
1146002,5.0,3,Never,Completely Disagree,0.0,0.0,0.0
1146002,6.0,0,Prioritize tasks and focus on one thing at a time,Completely Disagree,0.0,0.0,0.0
1146002,6.0,1,Take regular breaks and practice self-care,Completely Disagree,0.0,0.0,0.0
1146002,6.0,2,Communicate openly with colleagues and manager,Completely Disagree,0.0,0.0,0.0
1146002,6.0,3,Seek support from HR or employee assistance program,Completely Disagree,0.0,0.0,0.0
1146002,6.0,4,Other (please specify): __________________,Completely Disagree,0.0,0.0,0.0
1146004,0.0,0,Severely insufficient,Happy,0.0,0.0,0.0
1146004,0.0,1,Insufficient,Happy,0.0,0.0,0.0
1146004,0.0,2,Adequate,Happy,0.0,0.0,0.0
1146004,0.0,3,Good,Happy,0.0,0.0,0.0
1146004,0.0,4,Excellent,Happy,0.0,0.0,0.0
1146004,1.0,0,Strongly agree,Happy,0.0,0.0,0.0
1146004,1.0,1,Agree,Happy,0.0,0.0,0.0
1146004,1.0,2,Neither agree nor disagree,Happy,0.0,0.0,0.0
1146004,1.0,3,Somewhat disagree,Happy,0.0,0.0,0.0
1146004,1.0,4,Disagree,Happy,0.0,0.0,0.0
1146004,1.0,5,Strongly disagree,Happy,0.0,0.0,0.0
1146004,2.0,0,Strongly agree,Happy,0.0,0.0,0.0
1146004,2.0,1,Agree,Happy,0.0,0.0,0.0
1146004,2.0,2,Neither agree nor disagree,Happy,0.0,0.0,0.0
1146004,2.0,3,Somewhat disagree,Happy,0.0,0.0,0.0
1146004,2.0,4,Disagree,Happy,0.0,0.0,0.0
1146004,2.0,5,Strongly disagree,Happy,0.0,0.0,0.0
1146004,3.0,0,Severely insufficient,Happy,0.0,0.0,0.0
1146004,3.0,1,Insufficient,Happy,0.0,0.0,0.0
1146004,3.0,2,Adequate,Happy,0.0,0.0,0.0
1146004,3.0,3,Good,Happy,0.0,0.0,0.0
1146004,3.0,4,Excellent,Happy,0.0,0.0,0.0
1146004,4.0,0,Strongly agree,Happy,0.0,0.0,0.0
1146004,4.0,1,Agree,Happy,0.0,0.0,0.0
1146004,4.0,2,Neither agree nor disagree,Happy,0.0,0.0,0.0
1146004,4.0,3,Somewhat disagree,Happy,0.0,0.0,0.0
1146004,4.0,4,Disagree,Happy,0.0,0.0,0.0
1146004,4.0,5,Strongly disagree,Happy,0.0,0.0,0.0
1146004,5.0,0,Severely insufficient,Happy,0.0,0.0,0.0
1146004,5.0,1,Insufficient,Happy,0.0,0.0,0.0
1146004,5.0,2,Adequate,Happy,0.0,0.0,0.0
1146004,5.0,3,Good,Happy,0.0,0.0,0.0
1146004,5.0,4,Excellent,Happy,0.0,0.0,0.0
1146004,6.0,0,Strongly agree,Happy,0.0,0.0,0.0
1146004,6.0,1,Agree,Happy,0.0,0.0,0.0
1146004,6.0,2,Neither agree nor disagree,Happy,0.0,0.0,0.0
1146004,6.0,3,Somewhat disagree,Happy,0.0,0.0,0.0
1146004,6.0,4,Disagree,Happy,0.0,0.0,0.0
1146004,6.0,5,Strongly disagree,Happy,0.0,0.0,0.0
1173001,0.0,0,Yes,Very satisfied,0.0,0.0,0.0
1173001,0.0,1,No,Very satisfied,0.0,0.0,0.0
1173001,1.0,0,Full-time,Very satisfied,0.0,0.0,0.0
1173001,1.0,1,Part-time,Very satisfied,0.0,0.0,0.0
1173001,1.0,2,Occasional,Very satisfied,0.0,0.0,0.0
1173001,1.0,3,Other (please specify),Very satisfied,0.0,0.0,0.0
1173001,1.0,4,,Very satisfied,0.0,0.0,0.0
1173001,4.0,0,Very well,Yes,0.0,0.0,0.0
1173001,4.0,1,Somewhat well,Yes,0.0,0.0,0.0
1173001,4.0,2,Not very well,Yes,0.0,0.0,0.0
1173001,4.0,3,Not at all,Yes,0.0,0.0,0.0
1173001,6.0,0,Remote,Strongly agree,0.0,0.0,0.0
1173001,6.0,1,Office,Strongly agree,0.0,0.0,0.0
1173001,6.0,2,Both equally,Strongly agree,0.0,0.0,0.0
1173002,0.0,0,Job elimination,Very satisfied,0.0,0.0,0.0
1173002,0.0,1,Company restructuring,Very satisfied,0.0,0.0,0.0
1173002,0.0,2,Downsizing,Very satisfied,0.0,0.0,0.0
1173002,0.0,3,Voluntary departure,Very satisfied,0.0,0.0,0.0
1173002,0.0,4,Involuntary departure,Very satisfied,0.0,0.0,0.0
1173002,0.0,5,Other (please specify),Very satisfied,0.0,0.0,0.0
1173002,0.0,6,Not applicable,Very satisfied,0.0,0.0,0.0
1173002,1.0,0,1,Very satisfied,0.0,0.0,0.0
1173002,1.0,1,2,Very satisfied,0.0,0.0,0.0
1173002,1.0,2,3,Very satisfied,0.0,0.0,0.0
1173002,1.0,3,4,Very satisfied,0.0,0.0,0.0
1173002,1.0,4,5,Very satisfied,0.0,0.0,0.0
1173002,2.0,0,Yes,Strongly agree,0.0,0.0,0.0
1173002,2.0,1,No,Strongly agree,0.0,0.0,0.0
1173002,3.0,0,1,Yes,0.0,0.0,0.0
1173002,3.0,1,2,Yes,0.0,0.0,0.0
1173002,3.0,2,3,Yes,0.0,0.0,0.0
1173002,3.0,3,4,Yes,0.0,0.0,0.0
1173002,3.0,4,5,Yes,0.0,0.0,0.0
1173003,0.0,0,Executive/Senior Management,Yes,0.0,0.0,0.0
1173003,0.0,1,Manager,Yes,0.0,0.0,0.0
1173003,0.0,2,Staff/Employee,Yes,0.0,0.0,0.0
1173003,1.0,0,Less than 1 year,Yes,0.0,0.0,0.0
1173003,1.0,1,1-3 years,Yes,0.0,0.0,0.0
1173003,1.0,2,3-5 years,Yes,0.0,0.0,0.0
1173003,1.0,3,5-10 years,Yes,0.0,0.0,0.0
1173003,1.0,4,More than 10 years,Yes,0.0,0.0,0.0
1173003,2.0,0,Lack of clear instructions,Strongly agree,0.0,0.0,0.0
1173003,2.0,1,Difficulty understanding company culture,Strongly agree,0.0,0.0,0.0
1173003,2.0,2,Inadequate training,Strongly agree,0.0,0.0,0.0
1173003,2.0,3,Other (please specify),Strongly agree,0.0,0.0,0.0
1173003,2.0,4,,Strongly agree,0.0,0.0,0.0
1173003,3.0,0,Very poor,Strongly agree,0.0,0.0,0.0
1173003,3.0,1,Poor,Strongly agree,0.0,0.0,0.0
1173003,3.0,2,Average,Strongly agree,0.0,0.0,0.0
1173003,3.0,3,Good,Strongly agree,0.0,0.0,0.0
1173003,3.0,4,Very good,Strongly agree,0.0,0.0,0.0
1173004,0.0,0,1,Team working,0.0,0.0,0.0
1173004,0.0,1,2,Team working,0.0,0.0,0.0
1173004,0.0,2,3,Team working,0.0,0.0,0.0
1173004,0.0,3,4,Team working,0.0,0.0,0.0
1173004,0.0,4,5,Team working,0.0,0.0,0.0
1173004,0.0,5,6,Team working,0.0,0.0,0.0
1173004,0.0,6,7,Team working,0.0,0.0,0.0
1173004,0.0,7,8,Team working,0.0,0.0,0.0
1173004,0.0,8,9,Team working,0.0,0.0,0.0
1173004,0.0,9,10,Team working,0.0,0.0,0.0
1173005,0.0,0,Opportunities for growth and development,Always,0.0,0.0,0.0
1173005,0.0,1,Sense of accomplishment and recognition,Always,0.0,0.0,0.0
1173005,0.0,2,Work-life balance,Always,0.0,0.0,0.0
1173005,0.0,3,Collaboration and teamwork,Always,0.0,0.0,0.0
1173005,0.0,4,Other (please specify): __________________,Always,0.0,0.0,0.0
1173005,1.0,0,1,Working with Teammates,0.0,0.0,0.0
1173005,1.0,1,2,Working with Teammates,0.0,0.0,0.0
1173005,1.0,2,3,Working with Teammates,0.0,0.0,0.0
1173005,1.0,3,4,Working with Teammates,0.0,0.0,0.0
1173005,1.0,4,5,Working with Teammates,0.0,0.0,0.0
1213249,0.0,0,Very effective,0: Ineffective - The training had no positive impact on the employee's skills or performance. ,0.0,0.0,0.0
1213249,0.0,1,Somewhat effective,1: Somewhat Effective - The training had minimal impact on the employee's skills or performance.,0.0002798875627449,6.9971890686225e-05,1.958426194482008e-08
1213249,0.0,2,Neutral,0: Ineffective - The training had no positive impact on the employee's skills or performance. ,0.0,0.0,0.0
1213249,0.0,3,Not very effective,0: Ineffective - The training had no positive impact on the employee's skills or performance. ,0.0,0.0,0.0
1213249,0.0,4,Not at all effective,0: Ineffective - The training had no positive impact on the employee's skills or performance. ,0.0,0.0,0.0
1433792,0.0,0,Executive/Senior Management,Strongly agree,0.0,0.0,0.0
1433792,0.0,1,Manager,Strongly agree,0.0,0.0,0.0
1433792,0.0,2,Staff/Employee,Strongly agree,0.0,0.0,0.0
1433792,0.0,3,Intern,Strongly agree,0.0,0.0,0.0
1433792,0.0,4,Other,Strongly agree,0.0,0.0,0.0
1433792,1.0,0,Less than 1 year,Strongly agree,0.0,0.0,0.0
1433792,1.0,1,1-3 years,Strongly agree,0.0,0.0,0.0
1433792,1.0,2,3-5 years,Strongly agree,0.0,0.0,0.0
1433792,1.0,3,5-10 years,Strongly agree,0.0,0.0,0.0
1433792,1.0,4,More than 10 years,Strongly agree,0.0,0.0,0.0
1433792,2.0,0,Senior Executive/Senior Management,Strongly agree,0.0,0.0,0.0
1433792,2.0,1,Manager,Strongly agree,0.0,0.0,0.0
1433792,2.0,2,Staff/Employee,Strongly agree,0.0,0.0,0.0
1433792,2.0,3,Entrepreneur,Strongly agree,0.0,0.0,0.0
1433792,2.0,4,Other,Strongly agree,0.0,0.0,0.0
1433792,3.0,0,Technical skills,Strongly agree,0.0,0.0,0.0
1433792,3.0,1,Business skills,Strongly agree,0.0,0.0,0.0
1433792,3.0,2,Leadership skills,Strongly agree,0.0,0.0,0.0
1433792,3.0,3,Communication skills,Strongly agree,0.0,0.0,0.0
1433792,3.0,4,Other,Strongly agree,0.0,0.0,0.0
1433792,4.0,0,Very important,Strongly agree,0.0,0.0,0.0
1433792,4.0,1,Somewhat important,Somewhat disagree,0.1861648705529516,0.031027478425491934,0.005776226504666204
1433792,4.0,2,Not very important,Strongly agree,0.0,0.0,0.0
1433792,4.0,3,Not at all important,Strongly agree,0.0,0.0,0.0
1433792,5.0,0,Technology,Yes,0.0,0.0,0.0
1433792,5.0,1,Finance,Yes,0.0,0.0,0.0
1433792,5.0,2,Healthcare,Yes,0.0,0.0,0.0
1433792,5.0,3,Energy,Yes,0.0,0.0,0.0
1433792,5.0,4,Other,Yes,0.0,0.0,0.0
1433792,6.0,0,Financial gain,Working in team,0.0,0.0,0.0
1433792,6.0,1,Personal satisfaction,Working in team,0.0,0.0,0.0
1433792,6.0,2,Recognition,Working in team,0.0,0.0,0.0
1433792,6.0,3,Growth opportunities,Working in team,0.0,0.0,0.0
1433792,6.0,4,Other,Working in team,0.0,0.0,0.0
1433792,8.0,0,Yes,Less than three months,0.0,0.0,0.0
1433792,8.0,1,No,Less than three months,0.0,0.0,0.0
5100002,0.0,0,Technical skills training,Yes,0.0,0.0,0.0
5100002,0.0,1,Soft skills training,Yes,0.0,0.0,0.0
5100002,0.0,2,Industry-specific training,Yes,0.0,0.0,0.0
5100002,0.0,3,Leadership development,Yes,0.0,0.0,0.0
5100002,0.0,4,Other,Yes,0.0,0.0,0.0
5100002,1.0,0,Daily,Yes,0.0,0.0,0.0
5100002,1.0,1,Weekly,Yes,0.0,0.0,0.0
5100002,1.0,2,Monthly,Yes,0.0,0.0,0.0
5100002,1.0,3,Quarterly,Yes,0.0,0.0,0.0
5100002,1.0,4,Rarely,Yes,0.0,0.0,0.0
5100002,2.0,0,Hands-on training,Yes,0.0,0.0,0.0
5100002,2.0,1,Theoretical instruction,Yes,0.0,0.0,0.0
5100002,2.0,2,Mentorship,Yes,0.0,0.0,0.0
5100002,2.0,3,Online courses,Yes,0.0,0.0,0.0
5100002,2.0,4,Other,Yes,0.0,0.0,0.0
5100002,3.0,0,1,Yes,0.0,0.0,0.0
5100002,3.0,1,2,Yes,0.0,0.0,0.0
5100002,3.0,2,3,Yes,0.0,0.0,0.0
5100002,3.0,3,4,Yes,0.0,0.0,0.0
5100002,3.0,4,5,Yes,0.0,0.0,0.0
5100002,3.0,5,6,Yes,0.0,0.0,0.0
5100002,3.0,6,7,Yes,0.0,0.0,0.0
5100002,3.0,7,8,Yes,0.0,0.0,0.0
5100002,3.0,8,9,Yes,0.0,0.0,0.0
5100002,3.0,9,10,Yes,0.0,0.0,0.0
5100002,4.0,0,Yes,Yes,1.0,0.5,0.5
5100002,4.0,1,No,No,1.0,0.5,0.5
5100002,4.0,2,Somewhat,Yes,0.0,0.0,0.0
5100002,6.0,0,1,Yes,0.0,0.0,0.0
5100002,6.0,1,2,Yes,0.0,0.0,0.0
5100002,6.0,2,3,Yes,0.0,0.0,0.0
5100002,6.0,3,4,Yes,0.0,0.0,0.0
5100002,6.0,4,5,Yes,0.0,0.0,0.0
5100002,6.0,5,6,Yes,0.0,0.0,0.0
5100002,6.0,6,7,Yes,0.0,0.0,0.0
5100002,6.0,7,8,Yes,0.0,0.0,0.0
5100002,6.0,8,9,Yes,0.0,0.0,0.0
5100002,6.0,9,10,Yes,0.0,0.0,0.0
5100003,0.0,0,The instructor was very knowledgeable and enthusiastic,Not at all likely,0.0,0.0,0.0
5100003,0.0,1,The course material was well-organized and easy to follow,Not at all likely,0.0,0.0,0.0
5100003,0.0,2,I enjoyed the interactive activities and group discussions,Not at all likely,0.0,0.0,0.0
5100003,0.0,3,The course session was well-paced and kept my attention,Not at all likely,0.0,0.0,0.0
5100003,0.0,4,Other (please specify),Not at all likely,0.0,0.0,0.0
5100003,0.0,5,I didn't find anything particularly valuable or interesting,Not at all likely,0.0,0.0,0.0
5100003,1.0,0,The instructor could have provided more examples or case studies,Yes,0.0,0.0,0.0
5100003,1.0,1,The course material was too dense or complex,Yes,0.0,0.0,0.0
5100003,1.0,2,I would have liked more opportunities for questions and answers,Yes,0.0,0.0,0.0
5100003,1.0,3,The course session was too short or too long,Yes,0.0,0.0,0.0
5100003,1.0,4,Other (please specify),Yes,0.0,0.0,0.0
5100003,1.0,5,I didn't have any suggestions for improvement,Yes,0.0,0.0,0.0
5100003,2.0,0,Completely Disagree,Disagree,0.1861648705529516,0.031027478425491934,0.005776226504666205
5100003,2.0,1,2,Strongly agree,0.0,0.0,0.0
5100003,2.0,2,3,Strongly agree,0.0,0.0,0.0
5100003,2.0,3,4,Strongly agree,0.0,0.0,0.0
5100003,2.0,4,5,Strongly agree,0.0,0.0,0.0
5100003,2.0,5,6,Strongly agree,0.0,0.0,0.0
5100003,2.0,6,7,Strongly agree,0.0,0.0,0.0
5100003,2.0,7,8,Strongly agree,0.0,0.0,0.0
5100003,2.0,8,9,Strongly agree,0.0,0.0,0.0
5100003,2.0,9,Strongly Agree,Strongly agree,0.1861648705529516,0.0930824352764758,0.010397207708399168
5100003,3.0,0,"Yes, I would like to see more sessions on X topic",Strongly agree,0.0,0.0,0.0
5100003,3.0,1,"Yes, I would like to see more sessions on Y topic",Strongly agree,0.0,0.0,0.0
5100003,3.0,2,"No, I don't have any suggestions",Strongly agree,0.0,0.0,0.0
5100003,3.0,3,Other (please specify),Strongly agree,0.0,0.0,0.0
5100003,3.0,4,I don't know,Strongly agree,0.0,0.0,0.0
500000002,0.0,0,Very Satisfied,Agree,0.0,0.0,0.0
500000002,0.0,1,Somewhat Satisfied,Agree,0.0,0.0,0.0
500000002,0.0,2,Neutral,Agree,0.0,0.0,0.0
500000002,0.0,3,Somewhat Dissatisfied,Agree,0.0,0.0,0.0
500000002,0.0,4,Very Dissatisfied,Agree,0.0,0.0,0.0
500000002,1.0,0,Autonomy,Agree,0.0,0.0,0.0
500000002,1.0,1,Sense of Purpose,Agree,0.0,0.0,0.0
500000002,1.0,2,Recognition,Agree,0.0,0.0,0.0
500000002,1.0,3,Work-Life Balance,Agree,0.0,0.0,0.0
500000002,1.0,4,Other (please specify),Agree,0.0,0.0,0.0
500000003,0.0,0,Career advancement opportunities,Agree,0.0,0.0,0.0
500000003,0.0,1,Sense of accomplishment,Agree,0.0,0.0,0.0
500000003,0.0,2,Collaboration with colleagues,Agree,0.0,0.0,0.0
500000003,0.0,3,Other (please specify),Agree,0.0,0.0,0.0
500000003,0.0,4,Not applicable,Agree,0.0,0.0,0.0
500000003,1.0,0,Very satisfied,Agree,0.0,0.0,0.0
500000003,1.0,1,Somewhat satisfied,Agree,0.0,0.0,0.0
500000003,1.0,2,Neutral,Agree,0.0,0.0,0.0
500000003,1.0,3,Somewhat dissatisfied,Agree,0.0,0.0,0.0
500000003,1.0,4,Very dissatisfied,Agree,0.0,0.0,0.0
500000003,3.0,0,Yes,Agree,0.0,0.0,0.0
500000003,3.0,1,No,Agree,0.0,0.0,0.0
500000003,3.0,2,Not applicable,Agree,0.0,0.0,0.0
500000005,0.0,0,Excellent,Excellent,1.0,0.25,0.25000000000000006
500000005,0.0,1,Good,Good,1.0,0.25,0.25000000000000006
500000005,0.0,2,Fair,Excellent,0.0,0.0,0.0
500000005,0.0,3,Poor,Excellent,0.0,0.0,0.0
500000005,1.0,0,Lectures,Laptop,0.0,0.0,0.0
500000005,1.0,1,Assignments,Laptop,0.0,0.0,0.0
500000005,1.0,2,Group discussions,Laptop,0.0,0.0,0.0
500000005,1.0,3,Tutorials,Laptop,0.0,0.0,0.0
500000005,1.0,4,Other (please specify),Laptop,0.0,0.0,0.0
500000005,1.0,5,All of the above,Laptop,0.0,0.0,0.0
500000005,3.0,0,Excellent,Project,0.0,0.0,0.0
500000005,3.0,1,Good,Project,0.0,0.0,0.0
500000005,3.0,2,Fair,Project,0.0,0.0,0.0
500000005,3.0,3,Poor,Project,0.0,0.0,0.0
500000005,4.0,0,Excellent,Health insurance,0.0,0.0,0.0
500000005,4.0,1,Good,Health insurance,0.0,0.0,0.0
500000005,4.0,2,Fair,Health insurance,0.0,0.0,0.0
500000005,4.0,3,Poor,Health insurance,0.0,0.0,0.0
500100002,0.0,0,Computer,Executive/Senior Management,0.0,0.0,0.0
500100002,0.0,1,Laptop,Executive/Senior Management,0.0,0.0,0.0
500100002,0.0,2,Smartphone,Executive/Senior Management,0.0,0.0,0.0
500100002,0.0,3,Tablet,Executive/Senior Management,0.0,0.0,0.0
500100002,0.0,4,Other (please specify): __________________,Other (please specify): __________________,1.0,0.2,0.2
500100002,1.0,0,Very easy,Less than 1 year,0.0,0.0,0.0
500100002,1.0,1,Somewhat easy,Less than 1 year,0.0,0.0,0.0
500100002,1.0,2,Neutral,Less than 1 year,0.0,0.0,0.0
500100002,1.0,3,Somewhat difficult,Less than 1 year,0.0,0.0,0.0
500100002,1.0,4,Very difficult,Less than 1 year,0.0,0.0,0.0
500100002,2.0,0,Yes,1,0.0,0.0,0.0
500100002,2.0,1,No,1,0.0,0.0,0.0
500100002,2.0,2,Partially,1,0.0,0.0,0.0
500100002,3.0,0,Very important,Yes,0.0,0.0,0.0
500100002,3.0,1,Somewhat important,Yes,0.0,0.0,0.0
500100002,3.0,2,Not very important,Yes,0.0,0.0,0.0
500100002,3.0,3,Not important at all,Yes,0.0,0.0,0.0
500100003,0.0,0,Executive/Senior Management,Executive/Senior Management,1.0,0.2,0.20000000000000004
500100003,0.0,1,Manager,Manager,1.0,0.2,0.20000000000000004
500100003,0.0,2,Staff/Employee,Staff/Employee,1.0,0.2,0.20000000000000004
500100003,0.0,3,Intern,Intern,1.0,0.2,0.2
500100003,0.0,4,Other (please specify): __________________,Other (please specify): __________________,1.0,0.2,0.2
500100003,1.0,0,Very easy,Less than 1 year,0.0,0.0,0.0
500100003,1.0,1,Somewhat easy,Less than 1 year,0.0,0.0,0.0
500100003,1.0,2,Neutral,Less than 1 year,0.0,0.0,0.0
500100003,1.0,3,Somewhat difficult,Less than 1 year,0.0,0.0,0.0
500100003,1.0,4,Very difficult,Less than 1 year,0.0,0.0,0.0
500100003,3.0,0,Very important,"Yes, completely",0.0,0.0,0.0
500100003,3.0,1,Somewhat important,"Yes, completely",0.0,0.0,0.0
500100003,3.0,2,Not very important,"Yes, completely",0.0,0.0,0.0
500100003,3.0,3,Not at all important,"No, not at all",0.408248290463863,0.10206207261596575,0.041666666666666664
500100003,4.0,0,"Yes, often",Agree,0.0,0.0,0.0
500100003,4.0,1,"Yes, sometimes",Agree,0.0,0.0,0.0
500100003,4.0,2,"No, never",Agree,0.0,0.0,0.0
500100004,0.0,0,Yes,Executive/Senior Management,0.0,0.0,0.0
500100004,0.0,1,No,Executive/Senior Management,0.0,0.0,0.0
500100004,1.0,0,1,Less than 1 year,0.0497870683678639,0.009957413673572781,0.0004957504353332708
500100004,1.0,1,2,Less than 1 year,0.0,0.0,0.0
500100004,1.0,2,3,Less than 1 year,0.0,0.0,0.0
500100004,1.0,3,4,Less than 1 year,0.0,0.0,0.0
500100004,1.0,4,5,Less than 1 year,0.0,0.0,0.0
500100004,1.0,5,6,Less than 1 year,0.0,0.0,0.0
500100004,1.0,6,7,Less than 1 year,0.0,0.0,0.0
500100004,1.0,7,8,Less than 1 year,0.0,0.0,0.0
500100004,1.0,8,9,Less than 1 year,0.0,0.0,0.0
500100004,1.0,9,10,More than 10 years,0.0497870683678639,0.009957413673572781,0.0004957504353332709
500100004,2.0,0,Always,1,0.0,0.0,0.0
500100004,2.0,1,Almost always,1,0.0,0.0,0.0
500100004,2.0,2,Often,1,0.0,0.0,0.0
500100004,2.0,3,Sometimes,1,0.0,0.0,0.0
500100004,2.0,4,Rarely,1,0.0,0.0,0.0
500100004,2.0,5,Never,1,0.0,0.0,0.0
500100004,3.0,0,Very easy,"Yes, completely",0.0,0.0,0.0
500100004,3.0,1,Somewhat easy,"Yes, completely",0.0,0.0,0.0
500100004,3.0,2,Neutral,"Yes, completely",0.0,0.0,0.0
500100004,3.0,3,Somewhat difficult,"Yes, completely",0.0,0.0,0.0
500100004,3.0,4,Very difficult,"Yes, completely",0.0,0.0,0.0
500100004,4.0,0,Yes,"Yes, very user-friendly",0.0,0.0,0.0
500100004,4.0,1,No,"Yes, very user-friendly",0.0,0.0,0.0
500100004,4.0,2,Undecided,"Yes, very user-friendly",0.0,0.0,0.0
500100005,0.0,0,Yes,1,0.0,0.0,0.0
500100005,0.0,1,No,1,0.0,0.0,0.0
500100005,1.0,0,Yes,Less than 1 year,0.0,0.0,0.0
500100005,1.0,1,No,Less than 1 year,0.0,0.0,0.0
500100005,2.0,0,Yes,Primarily required by my Role,0.0,0.0,0.0
500100005,2.0,1,No,Primarily required by my Role,0.0,0.0,0.0
500100005,4.0,0,Yes,Yes,1.0,0.3333333333333333,0.33333333333333337
500100005,4.0,1,No,No,1.0,0.3333333333333333,0.33333333333333337
500100005,5.0,0,Yes,Agree,0.0,0.0,0.0
500100005,5.0,1,No,Agree,0.0,0.0,0.0
500100005,6.0,0,Yes,Yes,1.0,0.3333333333333333,0.33333333333333337
500100005,6.0,1,No,No,1.0,0.3333333333333333,0.33333333333333337
500100006,0.0,0,1,Mobile Phone,0.0,0.0,0.0
500100006,0.0,1,2,Mobile Phone,0.0,0.0,0.0
500100006,0.0,2,3,Mobile Phone,0.0,0.0,0.0
500100006,0.0,3,4,Mobile Phone,0.0,0.0,0.0
500100006,0.0,4,5,Mobile Phone,0.0,0.0,0.0
500100006,2.0,0,"Yes, definitely",1,0.0,0.0,0.0
500100006,2.0,1,"Yes, to some extent",1,0.0,0.0,0.0
500100006,2.0,2,"No, not really",1,0.0,0.0,0.0
500100006,2.0,3,"No, not at all",1,0.0,0.0,0.0
500100006,3.0,0,Yes,Health insurance,0.0,0.0,0.0
500100006,3.0,1,No,Health insurance,0.0,0.0,0.0
500100007,0.0,0,Very satisfied,Executive/Senior Management,0.0,0.0,0.0
500100007,0.0,1,Somewhat satisfied,Executive/Senior Management,0.0,0.0,0.0
500100007,0.0,2,Neutral,Executive/Senior Management,0.0,0.0,0.0
500100007,0.0,3,Somewhat dissatisfied,Executive/Senior Management,0.0,0.0,0.0
500100007,0.0,4,Very dissatisfied,Executive/Senior Management,0.0,0.0,0.0
500100007,4.0,0,Opportunities for advancement,Yes,0.0,0.0,0.0
500100007,4.0,1,Better work-life balance,Yes,0.0,0.0,0.0
500100007,4.0,2,Increased job security,Yes,0.0,0.0,0.0
500100007,4.0,3,Higher salary,Yes,0.0,0.0,0.0
500100007,4.0,4,Other (please specify),Yes,0.0,0.0,0.0
500100007,4.0,5,Not sure,Not applicable,0.1861648705529516,0.06205495685098387,0.01155245300933241
500100008,0.0,0,Yes,Executive/Senior Management,0.0,0.0,0.0
500100008,0.0,1,No,Executive/Senior Management,0.0,0.0,0.0
500100008,1.0,0,Yes,Less than 1 year,0.0,0.0,0.0
500100008,1.0,1,No,Less than 1 year,0.0,0.0,0.0
500100008,2.0,0,Yes,Just 1,0.0,0.0,0.0
500100008,2.0,1,No,Just 1,0.0,0.0,0.0
500100008,4.0,0,Yes,Yes,1.0,0.3333333333333333,0.33333333333333337
500100008,4.0,1,No,No,1.0,0.3333333333333333,0.33333333333333337
500100008,6.0,0,Yes,1,0.0,0.0,0.0
500100008,6.0,1,No,1,0.0,0.0,0.0
500100009,0.0,0,Completely clear,Executive/Senior Management,0.0,0.0,0.0
500100009,0.0,1,Somewhat clear,Executive/Senior Management,0.0,0.0,0.0
500100009,0.0,2,Neutral,Executive/Senior Management,0.0,0.0,0.0
500100009,0.0,3,Somewhat unclear,Executive/Senior Management,0.0,0.0,0.0
500100009,0.0,4,Completely unclear,Executive/Senior Management,0.0,0.0,0.0
500100009,1.0,0,Yes,Less than 1 year,0.0,0.0,0.0
500100009,1.0,1,No,Less than 1 year,0.0,0.0,0.0
500100009,1.0,2,Not sure,Less than 1 year,0.0,0.0,0.0
500100009,2.0,0,Completely confident,1,0.0,0.0,0.0
500100009,2.0,1,Somewhat confident,1,0.0,0.0,0.0
500100009,2.0,2,Neutral,1,0.0,0.0,0.0
500100009,2.0,3,Somewhat unconfident,1,0.0,0.0,0.0
500100009,2.0,4,Completely unconfident,1,0.0,0.0,0.0
500100009,3.0,0,Lack of challenge,1,0.0,0.0,0.0
500100009,3.0,1,Poor work-life balance,1,0.0,0.0,0.0
500100009,3.0,2,Unclear career path,1,0.0,0.0,0.0
500100009,3.0,3,Limited opportunities for growth,1,0.0,0.0,0.0
500100009,3.0,4,Other (please specify): __________________,1,0.0,0.0,0.0
500100009,4.0,0,Yes,"Yes, regularly",0.0,0.0,0.0
500100009,4.0,1,No,"Yes, regularly",0.0,0.0,0.0
500100009,4.0,2,Not applicable,"Yes, regularly",0.0,0.0,0.0
500100010,0.0,0,Very clear,Sales,0.0,0.0,0.0
500100010,0.0,1,Somewhat clear,Sales,0.0,0.0,0.0
500100010,0.0,2,Not very clear,Sales,0.0,0.0,0.0
500100010,0.0,3,Not at all clear,Sales,0.0,0.0,0.0
500100010,1.0,0,Daily,Less than 1 year,0.0,0.0,0.0
500100010,1.0,1,Weekly,Less than 1 year,0.0,0.0,0.0
500100010,1.0,2,Monthly,Less than 1 year,0.0,0.0,0.0
500100010,1.0,3,Quarterly,Less than 1 year,0.0,0.0,0.0
500100010,1.0,4,Rarely,Less than 1 year,0.0,0.0,0.0
500100010,2.0,0,Very confident,1,0.0,0.0,0.0
500100010,2.0,1,Somewhat confident,1,0.0,0.0,0.0
500100010,2.0,2,Not very confident,1,0.0,0.0,0.0
500100010,2.0,3,Not at all confident,1,0.0,0.0,0.0
500100010,3.0,0,Frequently,"Yes, completely",0.0,0.0,0.0
500100010,3.0,1,Occasionally,"Yes, completely",0.0,0.0,0.0
500100010,3.0,2,Rarely,"Yes, completely",0.0,0.0,0.0
500100010,3.0,3,Never,"Yes, completely",0.0,0.0,0.0
500100010,4.0,0,Very clear,At least Once a Year,0.0,0.0,0.0
500100010,4.0,1,Somewhat clear,At least Once a Year,0.0,0.0,0.0
500100010,4.0,2,Not very clear,At least Once a Year,0.0,0.0,0.0
500100010,4.0,3,Not at all clear,At least Once a Year,0.0,0.0,0.0
500100010,5.0,0,Very satisfied,1,0.0,0.0,0.0
500100010,5.0,1,Satisfied,1,0.0,0.0,0.0
500100010,5.0,2,Neutral,1,0.0,0.0,0.0
500100010,5.0,3,Dissatisfied,1,0.0,0.0,0.0
500100010,5.0,4,Very dissatisfied,1,0.0,0.0,0.0
500100011,0.0,0,Strongly agree,Sales,0.0,0.0,0.0
500100011,0.0,1,Agree,Sales,0.0,0.0,0.0
500100011,0.0,2,Neither agree nor disagree,Sales,0.0,0.0,0.0
500100011,0.0,3,Somewhat disagree,Sales,0.0,0.0,0.0
500100011,0.0,4,Disagree,Sales,0.0,0.0,0.0
500100011,0.0,5,Strongly disagree,Sales,0.0,0.0,0.0
500100011,1.0,0,Strongly agree,Less than 1 year,0.0,0.0,0.0
500100011,1.0,1,Agree,Less than 1 year,0.0,0.0,0.0
500100011,1.0,2,Neither agree nor disagree,Less than 1 year,0.0,0.0,0.0
500100011,1.0,3,Somewhat disagree,Less than 1 year,0.0,0.0,0.0
500100011,1.0,4,Disagree,Less than 1 year,0.0,0.0,0.0
500100011,1.0,5,Strongly disagree,Less than 1 year,0.0,0.0,0.0
500100011,2.0,0,Strongly agree,1,0.0,0.0,0.0
500100011,2.0,1,Agree,1,0.0,0.0,0.0
500100011,2.0,2,Neither agree nor disagree,1,0.0,0.0,0.0
500100011,2.0,3,Somewhat disagree,1,0.0,0.0,0.0
500100011,2.0,4,Disagree,1,0.0,0.0,0.0
500100011,2.0,5,Strongly disagree,1,0.0,0.0,0.0
500100011,3.0,0,Strongly agree,Yes,0.0,0.0,0.0
500100011,3.0,1,Agree,Yes,0.0,0.0,0.0
500100011,3.0,2,Neither agree nor disagree,Yes,0.0,0.0,0.0
500100011,3.0,3,Somewhat disagree,Somewhat,0.1861648705529516,0.06205495685098387,0.01155245300933241
500100011,3.0,4,Disagree,Yes,0.0,0.0,0.0
500100011,3.0,5,Strongly disagree,Yes,0.0,0.0,0.0
500100011,4.0,0,Strongly agree,Yes,0.0,0.0,0.0
500100011,4.0,1,Agree,Yes,0.0,0.0,0.0
500100011,4.0,2,Neither agree nor disagree,Yes,0.0,0.0,0.0
500100011,4.0,3,Somewhat disagree,Somewhat,0.1861648705529516,0.06205495685098387,0.01155245300933241
500100011,4.0,4,Disagree,Yes,0.0,0.0,0.0
500100011,4.0,5,Strongly disagree,Yes,0.0,0.0,0.0
500100011,5.0,0,Strongly agree,1,0.0,0.0,0.0
500100011,5.0,1,Agree,1,0.0,0.0,0.0
500100011,5.0,2,Neither agree nor disagree,1,0.0,0.0,0.0
500100011,5.0,3,Somewhat disagree,1,0.0,0.0,0.0
500100011,5.0,4,Disagree,1,0.0,0.0,0.0
500100011,5.0,5,Strongly disagree,1,0.0,0.0,0.0
500100011,6.0,0,Strongly agree,Yes,0.0,0.0,0.0
500100011,6.0,1,Agree,Yes,0.0,0.0,0.0
500100011,6.0,2,Neither agree nor disagree,Yes,0.0,0.0,0.0
500100011,6.0,3,Somewhat disagree,Yes,0.0,0.0,0.0
500100011,6.0,4,Disagree,Yes,0.0,0.0,0.0
500100011,6.0,5,Strongly disagree,Yes,0.0,0.0,0.0
500100012,0.0,0,Recognition and rewards,Less than 1 year,0.0,0.0,0.0
500100012,0.0,1,Sense of accomplishment,Less than 1 year,0.0,0.0,0.0
500100012,0.0,2,Opportunities for growth and development,Less than 1 year,0.0,0.0,0.0
500100012,0.0,3,Autonomy and independence,Less than 1 year,0.0,0.0,0.0
500100012,0.0,4,Other (please specify): __________________,Less than 1 year,0.0,0.0,0.0
500100012,1.0,0,"Yes, very much",Very motivated,0.0,0.0,0.0
500100012,1.0,1,"Yes, somewhat",Very motivated,0.0,0.0,0.0
500100012,1.0,2,Not very much,Very motivated,0.0,0.0,0.0
500100012,1.0,3,Not at all,Very motivated,0.0,0.0,0.0
500100012,2.0,0,Very frequently,Recognition for achievements,0.0,0.0,0.0
500100012,2.0,1,Frequently,Recognition for achievements,0.0,0.0,0.0
500100012,2.0,2,Occasionally,Recognition for achievements,0.0,0.0,0.0
500100012,2.0,3,Rarely,Recognition for achievements,0.0,0.0,0.0
500100012,2.0,4,Never,Recognition for achievements,0.0,0.0,0.0
500100012,3.0,0,Public recognition,Yes,0.0,0.0,0.0
500100012,3.0,1,Monetary rewards,Yes,0.0,0.0,0.0
500100012,3.0,2,Additional time off,Yes,0.0,0.0,0.0
500100012,3.0,3,Professional development opportunities,Yes,0.0,0.0,0.0
500100012,3.0,4,Other (please specify): __________________,Yes,0.0,0.0,0.0
500100013,0.0,0,1,Executive/Senior Management,0.0,0.0,0.0
500100013,0.0,1,2,Executive/Senior Management,0.0,0.0,0.0
500100013,0.0,2,3,Executive/Senior Management,0.0,0.0,0.0
500100013,0.0,3,4,Executive/Senior Management,0.0,0.0,0.0
500100013,0.0,4,5,Executive/Senior Management,0.0,0.0,0.0
500100013,3.0,0,Prioritize tasks based on urgency and importance,Adaptability and Flexibility,0.0680670214017967,0.014585790300385006,0.0008400711004555903
500100013,3.0,1,Prioritize tasks based on personal preference,Communication Skills,0.0,0.0,0.0
500100013,3.0,2,Prioritize tasks based on company goals and objectives,Adaptability and Flexibility,0.0609367579321826,0.013057876699753414,0.0006732885682440595
500100013,4.0,0,I take regular breaks and prioritize self-care,Adaptability and Flexibility,0.0680670214017967,0.014585790300385006,0.0008400711004555903
500100013,4.0,1,I focus on the task at hand and push through,Adaptability and Flexibility,0.0505809043128382,0.0108387652098939,0.000463890769650815
500100013,4.0,2,I delegate tasks and seek support from colleagues,Adaptability and Flexibility,0.0609367579321826,0.013057876699753414,0.0006732885682440595
500100014,0.0,0,Excellent,Executive/Senior Management,0.0,0.0,0.0
500100014,0.0,1,Good,Executive/Senior Management,0.0,0.0,0.0
500100014,0.0,2,Fair,Executive/Senior Management,0.0,0.0,0.0
500100014,0.0,3,Poor,Executive/Senior Management,0.0,0.0,0.0
500100014,5.0,0,Very well,Yes,0.0,0.0,0.0
500100014,5.0,1,Somewhat well,Yes,0.0,0.0,0.0
500100014,5.0,2,Not very well,Not applicable,0.135315205395163,0.045105068465054333,0.006103401603711718
500100014,5.0,3,Not at all,Not applicable,0.135315205395163,0.045105068465054333,0.006103401603711718
500100014,8.0,0,Always,Yes,0.0,0.0,0.0
500100014,8.0,1,Usually,Yes,0.0,0.0,0.0
500100014,8.0,2,Sometimes,Yes,0.0,0.0,0.0
500100014,8.0,3,Rarely,Yes,0.0,0.0,0.0
500100014,8.0,4,Never,Yes,0.0,0.0,0.0
500100015,0.0,0,Yes,Executive/Senior Management,0.0,0.0,0.0
500100015,0.0,1,No,Executive/Senior Management,0.0,0.0,0.0
500100015,1.0,0,Daily,1,0.0,0.0,0.0
500100015,1.0,1,Weekly,1,0.0,0.0,0.0
500100015,1.0,2,Monthly,1,0.0,0.0,0.0
500100015,1.0,3,Quarterly,1,0.0,0.0,0.0
500100015,1.0,4,Semiannually,1,0.0,0.0,0.0
500100015,1.0,5,Annually,1,0.0,0.0,0.0
500100015,2.0,0,Strongly agree,More than once a trimester,0.0,0.0,0.0
500100015,2.0,1,Agree,More than once a trimester,0.0,0.0,0.0
500100015,2.0,2,Neither agree nor disagree,More than once a trimester,0.0,0.0,0.0
500100015,2.0,3,Somewhat disagree,More than once a trimester,0.0,0.0,0.0
500100015,2.0,4,Disagree,More than once a trimester,0.0,0.0,0.0
500100015,2.0,5,Strongly disagree,More than once a trimester,0.0,0.0,0.0
500100015,3.0,0,Not at all effective,Yes,0.0,0.0,0.0
500100015,3.0,1,1,Yes,0.0,0.0,0.0
500100015,3.0,2,2,Yes,0.0,0.0,0.0
500100015,3.0,3,3,Yes,0.0,0.0,0.0
500100015,3.0,4,4,Yes,0.0,0.0,0.0
500100015,3.0,5,5,Yes,0.0,0.0,0.0
500100015,3.0,6,6,Yes,0.0,0.0,0.0
500100015,3.0,7,7,Yes,0.0,0.0,0.0
500100015,3.0,8,8,Yes,0.0,0.0,0.0
500100015,3.0,9,9,Yes,0.0,0.0,0.0
500100015,3.0,10,Extremely effective,Yes,0.0,0.0,0.0
500100016,0.0,0,Daily,Executive/Senior Management,0.0,0.0,0.0
500100016,0.0,1,Weekly,Executive/Senior Management,0.0,0.0,0.0
500100016,0.0,2,Monthly,Executive/Senior Management,0.0,0.0,0.0
500100016,0.0,3,Quarterly,Executive/Senior Management,0.0,0.0,0.0
500100016,0.0,4,Semiannually,Executive/Senior Management,0.0,0.0,0.0
500100016,0.0,5,Annually,Executive/Senior Management,0.0,0.0,0.0
500100016,0.0,6,Rarely,Executive/Senior Management,0.0,0.0,0.0
500100016,0.0,7,Never,Executive/Senior Management,0.0,0.0,0.0
500100016,1.0,0,Positive feedback,Less than 1 year,0.0,0.0,0.0
500100016,1.0,1,Negative feedback,Less than 1 year,0.0,0.0,0.0
500100016,1.0,2,Constructive feedback,Less than 1 year,0.0,0.0,0.0
500100016,1.0,3,Other (please specify),Less than 1 year,0.0,0.0,0.0
500100016,1.0,4,I don't receive feedback,Less than 1 year,0.0,0.0,0.0
500100016,2.0,0,Yes,Daily,0.0,0.0,0.0
500100016,2.0,1,No,Daily,0.0,0.0,0.0
500100016,2.0,2,Somewhat,Daily,0.0,0.0,0.0
500100016,3.0,0,Verbal feedback,"Yes, always",0.0,0.0,0.0
500100016,3.0,1,Written feedback,"Yes, always",0.0,0.0,0.0
500100016,3.0,2,Email feedback,"Yes, always",0.0,0.0,0.0
500100016,3.0,3,One-on-one meeting,"Yes, always",0.0,0.0,0.0
500100016,3.0,4,Group discussion,"Yes, always",0.0,0.0,0.0
500100016,3.0,5,Other (please specify),"Yes, always",0.0,0.0,0.0
500100016,3.0,6,I don't prefer any method,"Yes, always",0.0,0.0,0.0
500100017,0.0,0,Yes,Executive/Senior Management,0.0,0.0,0.0
500100017,0.0,1,No,Executive/Senior Management,0.0,0.0,0.0
500100017,0.0,2,Sometimes,Executive/Senior Management,0.0,0.0,0.0
500100017,1.0,0,Formal performance reviews,Very frequently,0.0,0.0,0.0
500100017,1.0,1,Informal check-ins,Very frequently,0.0,0.0,0.0
500100017,1.0,2,Feedback from colleagues or peers,Very frequently,0.0,0.0,0.0
500100017,1.0,3,Feedback from supervisors or managers,Very frequently,0.0,0.0,0.0
500100017,1.0,4,Other (please specify): __________________,Very frequently,0.0,0.0,0.0
500100017,2.0,0,Monthly,"Yes, very comfortable",0.0,0.0,0.0
500100017,2.0,1,Quarterly,"Yes, very comfortable",0.0,0.0,0.0
500100017,2.0,2,Semiannually,"Yes, very comfortable",0.0,0.0,0.0
500100017,2.0,3,Annually,"Yes, very comfortable",0.0,0.0,0.0
500100017,2.0,4,As needed,"Yes, very comfortable",0.0,0.0,0.0
500100017,3.0,0,Yes,"Yes, always",0.0,0.0,0.0
500100017,3.0,1,No,"Yes, always",0.0,0.0,0.0
500100017,3.0,2,Somewhat,"Yes, always",0.0,0.0,0.0
500100018,0.0,0,"Yes, very regularly",Executive/Senior Management,0.0,0.0,0.0
500100018,0.0,1,"Yes, somewhat regularly",Executive/Senior Management,0.0,0.0,0.0
500100018,0.0,2,"No, not really",Executive/Senior Management,0.0,0.0,0.0
500100018,0.0,3,"No, not at all",Executive/Senior Management,0.0,0.0,0.0
500100018,1.0,0,Written reports,1,0.0,0.0,0.0
500100018,1.0,1,Verbal discussions,1,0.0,0.0,0.0
500100018,1.0,2,Email updates,1,0.0,0.0,0.0
500100018,1.0,3,Other (please specify): __________________,1,0.0,0.0,0.0
500100018,2.0,0,1,Daily,0.0,0.0,0.0
500100018,2.0,1,2,Daily,0.0,0.0,0.0
500100018,2.0,2,3,Daily,0.0,0.0,0.0
500100018,2.0,3,4,Daily,0.0,0.0,0.0
500100018,2.0,4,5,Daily,0.0,0.0,0.0
500100018,2.0,5,6,Daily,0.0,0.0,0.0
500100018,2.0,6,7,Daily,0.0,0.0,0.0
500100018,2.0,7,8,Daily,0.0,0.0,0.0
500100018,2.0,8,9,Daily,0.0,0.0,0.0
500100018,2.0,9,10,Daily,0.0,0.0,0.0
500100018,3.0,0,"Yes, very often",Yes,0.0,0.0,0.0
500100018,3.0,1,"Yes, somewhat often",Yes,0.0,0.0,0.0
500100018,3.0,2,"No, not really",Yes,0.0,0.0,0.0
500100018,3.0,3,"No, not at all",Yes,0.0,0.0,0.0
500100018,5.0,0,"Yes, very clear",Yes,0.0,0.0,0.0
500100018,5.0,1,"Yes, somewhat clear",Yes,0.0,0.0,0.0
500100018,5.0,2,"No, not really",Yes,0.0,0.0,0.0
500100018,5.0,3,"No, not at all",Yes,0.0,0.0,0.0
500100018,6.0,0,"Yes, very much",1,0.0,0.0,0.0
500100018,6.0,1,"Yes, somewhat",1,0.0,0.0,0.0
500100018,6.0,2,"No, not really",1,0.0,0.0,0.0
500100018,6.0,3,"No, not at all",1,0.0,0.0,0.0
500100019,0.0,0,Executive/Senior Management,1,0.0,0.0,0.0
500100019,0.0,1,Manager,1,0.0,0.0,0.0
500100019,0.0,2,Staff/Employee,1,0.0,0.0,0.0
500100019,0.0,3,Intern,1,0.0,0.0,0.0
500100019,0.0,4,Other (please specify): __________________,1,0.0,0.0,0.0
500100019,1.0,0,"Yes, I have received training",1,0.0,0.0,0.0
500100019,1.0,1,"No, I have not received training",1,0.0,0.0,0.0
500100019,1.0,2,I'm not sure,1,0.0,0.0,0.0
500100019,2.0,0,1,Yes,0.0,0.0,0.0
500100019,2.0,1,2,Yes,0.0,0.0,0.0
500100019,2.0,2,3,Yes,0.0,0.0,0.0
500100019,2.0,3,4,Yes,0.0,0.0,0.0
500100019,2.0,4,5,Yes,0.0,0.0,0.0
500100019,2.0,5,6,Yes,0.0,0.0,0.0
500100019,2.0,6,7,Yes,0.0,0.0,0.0
500100019,2.0,7,8,Yes,0.0,0.0,0.0
500100019,2.0,8,9,Yes,0.0,0.0,0.0
500100019,2.0,9,10,Yes,0.0,0.0,0.0
500100019,3.0,0,"Yes, always",Yes,0.0,0.0,0.0
500100019,3.0,1,"Yes, most of the time",Yes,0.0,0.0,0.0
500100019,3.0,2,Sometimes,Yes,0.0,0.0,0.0
500100019,3.0,3,Rarely,Yes,0.0,0.0,0.0
500100019,3.0,4,"No, never",Yes,0.0,0.0,0.0
500100021,0.0,0,Always,1,0.0,0.0,0.0
500100021,0.0,1,Mostly,1,0.0,0.0,0.0
500100021,0.0,2,Sometimes,1,0.0,0.0,0.0
500100021,0.0,3,Rarely,1,0.0,0.0,0.0
500100021,0.0,4,Never,1,0.0,0.0,0.0
500100021,1.0,0,Yes,"Yes, very aware",0.0,0.0,0.0
500100021,1.0,1,No,"Yes, very aware",0.0,0.0,0.0
500100021,1.0,2,Sometimes,"Yes, very aware",0.0,0.0,0.0
500100021,2.0,0,1,"Yes, completely",0.0,0.0,0.0
500100021,2.0,1,2,"Yes, completely",0.0,0.0,0.0
500100021,2.0,2,3,"Yes, completely",0.0,0.0,0.0
500100021,2.0,3,4,"Yes, completely",0.0,0.0,0.0
500100021,2.0,4,5,"Yes, completely",0.0,0.0,0.0
500100022,0.0,0,Strongly agree,Executive/Senior Management,0.0,0.0,0.0
500100022,0.0,1,Somewhat agree,Executive/Senior Management,0.0,0.0,0.0
500100022,0.0,2,Neither agree nor disagree,Executive/Senior Management,0.0,0.0,0.0
500100022,0.0,3,Somewhat disagree,Executive/Senior Management,0.0,0.0,0.0
500100022,0.0,4,Strongly disagree,Executive/Senior Management,0.0,0.0,0.0
500100022,1.0,0,Very effective,Less than 1 year,0.0,0.0,0.0
500100022,1.0,1,Somewhat effective,Less than 1 year,0.0,0.0,0.0
500100022,1.0,2,Neutral,Less than 1 year,0.0,0.0,0.0
500100022,1.0,3,Somewhat ineffective,Less than 1 year,0.0,0.0,0.0
500100022,1.0,4,Very ineffective,Less than 1 year,0.0,0.0,0.0
500100022,2.0,0,"Yes, and it was reported",Yes,0.0,0.0,0.0
500100022,2.0,1,"Yes, but it wasn't reported",Yes,0.0,0.0,0.0
500100022,2.0,2,"No, but I've seen others experience it",Yes,0.0,0.0,0.0
500100022,2.0,3,"No, and I've never seen it happen",Yes,0.0,0.0,0.0
500100022,3.0,0,Strongly agree,Very satisfied,0.0,0.0,0.0
500100022,3.0,1,Somewhat agree,Very satisfied,0.0,0.0,0.0
500100022,3.0,2,Neither agree nor disagree,Very satisfied,0.0,0.0,0.0
500100022,3.0,3,Somewhat disagree,Very satisfied,0.0,0.0,0.0
500100022,3.0,4,Strongly disagree,Very satisfied,0.0,0.0,0.0
500100023,0.0,0,"Yes, I have considered it",Executive/Senior Management,0.0,0.0,0.0
500100023,0.0,1,"No, I have not considered it",Executive/Senior Management,0.0,0.0,0.0
500100023,1.0,0,1,Less than 1 year,0.0497870683678639,0.009957413673572781,0.0004957504353332708
500100023,1.0,1,2,Less than 1 year,0.0,0.0,0.0
500100023,1.0,2,3,Less than 1 year,0.0,0.0,0.0
500100023,1.0,3,4,Less than 1 year,0.0,0.0,0.0
500100023,1.0,4,5,Less than 1 year,0.0,0.0,0.0
500100023,1.0,5,6,Less than 1 year,0.0,0.0,0.0
500100023,1.0,6,7,Less than 1 year,0.0,0.0,0.0
500100023,1.0,7,8,Less than 1 year,0.0,0.0,0.0
500100023,1.0,8,9,Less than 1 year,0.0,0.0,0.0
500100023,1.0,9,10,More than 10 years,0.0497870683678639,0.009957413673572781,0.0004957504353332709
500100023,2.0,0,"Yes, I applied for a different role",1,0.0,0.0,0.0
500100023,2.0,1,"No, I did not apply for a different role",1,0.0,0.0,0.0
500100023,3.0,0,New challenges,Yes,0.0,0.0,0.0
500100023,3.0,1,New skills,Yes,0.0,0.0,0.0
500100023,3.0,2,New responsibilities,Yes,0.0,0.0,0.0
500100023,3.0,3,Other (please specify),Yes,0.0,0.0,0.0
500100023,3.0,4,None of the above,Yes,0.0,0.0,0.0
500100023,4.0,0,1,Excellent,0.0,0.0,0.0
500100023,4.0,1,2,Excellent,0.0,0.0,0.0
500100023,4.0,2,3,Excellent,0.0,0.0,0.0
500100023,4.0,3,4,Excellent,0.0,0.0,0.0
500100023,4.0,4,5,Excellent,0.0,0.0,0.0
500100023,4.0,5,6,Excellent,0.0,0.0,0.0
500100023,4.0,6,7,Excellent,0.0,0.0,0.0
500100023,4.0,7,8,Excellent,0.0,0.0,0.0
500100023,4.0,8,9,Excellent,0.0,0.0,0.0
500100023,4.0,9,10,Excellent,0.0,0.0,0.0
500100024,0.0,0,Yes,Executive/Senior Management,0.0,0.0,0.0
500100024,0.0,1,No,Executive/Senior Management,0.0,0.0,0.0
500100024,0.0,2,Maybe,Executive/Senior Management,0.0,0.0,0.0
500100024,1.0,0,Career Advancement Opportunities,Less than 1 year,0.0,0.0,0.0
500100024,1.0,1,New Challenges and Responsibilities,Less than 1 year,0.0,0.0,0.0
500100024,1.0,2,Better Job Fit,Less than 1 year,0.0,0.0,0.0
500100024,1.0,3,Increased Salary,Less than 1 year,0.0,0.0,0.0
500100024,1.0,4,Improved Work-Life Balance,Less than 1 year,0.0,0.0,0.0
500100024,1.0,5,Other (please specify),Less than 1 year,0.0,0.0,0.0
500100024,1.0,6,Not Sure,Less than 1 year,0.0,0.0,0.0
500100024,2.0,0,Lack of Clear Job Descriptions,Yes,0.0,0.0,0.0
500100024,2.0,1,Insufficient Training and Development Opportunities,Yes,0.0,0.0,0.0
500100024,2.0,2,Inadequate Communication,Yes,0.0,0.0,0.0
500100024,2.0,3,Limited Job Openings,Yes,0.0,0.0,0.0
500100024,2.0,4,Fear of Change,Yes,0.0,0.0,0.0
500100024,2.0,5,Other (please specify),Yes,0.0,0.0,0.0
500100024,2.0,6,Not Sure,Yes,0.0,0.0,0.0
500100024,3.0,0,Extremely Important,Very satisfied,0.0,0.0,0.0
500100024,3.0,1,Very Important,Very satisfied,0.1861648705529516,0.06205495685098387,0.009241962407465928
500100024,3.0,2,Somewhat Important,Very satisfied,0.0,0.0,0.0
500100024,3.0,3,Not Very Important,Very satisfied,0.135315205395163,0.045105068465054333,0.004882721282969374
500100024,3.0,4,Not at All Important,Very satisfied,0.0,0.0,0.0
500100025,0.0,0,Executive/Senior Management,Executive/Senior Management,1.0,0.3333333333333333,0.33333333333333337
500100025,0.0,1,Manager,Manager,1.0,0.3333333333333333,0.33333333333333337
500100025,0.0,2,Staff/Employee,Staff/Employee,1.0,0.3333333333333333,0.33333333333333337
500100025,0.0,3,Intern,Executive/Senior Management,0.0,0.0,0.0
500100025,0.0,4,Other (please specify): __________________,Executive/Senior Management,0.0,0.0,0.0
500100025,1.0,0,Less than 1 year,Less than 1 year,1.0,0.22149646762547973,0.19156225678912667
500100025,1.0,1,1-3 years,1-3 years,1.0,0.28816319393013534,0.16470373746904934
500100025,1.0,2,3-5 years,3-5 years,1.0,0.2881631939301354,0.16470373746904934
500100025,1.0,3,5-10 years,5-10 years,1.0,0.28816319393013534,0.16470373746904932
500100025,1.0,4,More than 10 years,More than 10 years,1.0,0.2859858705019188,0.15931755535090708
500100025,2.0,0,Yes,"Yes, regularly",0.0,0.0,0.0
500100025,2.0,1,No,"Yes, regularly",0.0,0.0,0.0
500100025,3.0,0,Career advancement opportunities,"Yes, successfully",0.0,0.0,0.0
500100025,3.0,1,New challenges,"Yes, successfully",0.0,0.0,0.0
500100025,3.0,2,Better work-life balance,"Yes, successfully",0.0,0.0,0.0
500100025,3.0,3,Increased job security,"Yes, successfully",0.0,0.0,0.0
500100025,3.0,4,Other (please specify): __________________,"Yes, successfully",0.0,0.0,0.0
500100025,4.0,0,1,"Yes, completely",0.0,0.0,0.0
500100025,4.0,1,2,"Yes, completely",0.0,0.0,0.0
500100025,4.0,2,3,"Yes, completely",0.0,0.0,0.0
500100025,4.0,3,4,"Yes, completely",0.0,0.0,0.0
500100025,4.0,4,5,"Yes, completely",0.0,0.0,0.0
500100026,0.0,0,Excellent,Executive/Senior Management,0.0,0.0,0.0
500100026,0.0,1,Good,Executive/Senior Management,0.0,0.0,0.0
500100026,0.0,2,Fair,Executive/Senior Management,0.0,0.0,0.0
500100026,0.0,3,Poor,Executive/Senior Management,0.0,0.0,0.0
500100026,1.0,0,Career advancement,Less than 1 year,0.0,0.0,0.0
500100026,1.0,1,New challenges,Less than 1 year,0.0,0.0,0.0
500100026,1.0,2,Work-life balance,Less than 1 year,0.0,0.0,0.0
500100026,1.0,3,Other (please specify),Less than 1 year,0.0,0.0,0.0
500100026,1.0,4,Not interested in internal mobility opportunities,Less than 1 year,0.0,0.0,0.0
500100026,2.0,0,Lack of information,1,0.0,0.0,0.0
500100026,2.0,1,Fear of change,1,0.0,0.0,0.0
500100026,2.0,2,Lack of opportunities,1,0.0,0.0,0.0
500100026,2.0,3,Other (please specify),1,0.0,0.0,0.0
500100026,2.0,4,Not applicable,1,0.0,0.0,0.0
500100026,3.0,0,Excellent,Extremely aware of,0.0,0.0,0.0
500100026,3.0,1,Good,Extremely aware of,0.0,0.0,0.0
500100026,3.0,2,Fair,Extremely aware of,0.0,0.0,0.0
500100026,3.0,3,Poor,Extremely aware of,0.0,0.0,0.0
500100027,0.0,0,1 - Very dissatisfied,Executive/Senior Management,0.0,0.0,0.0
500100027,0.0,1,2 - Somewhat dissatisfied,Executive/Senior Management,0.0,0.0,0.0
500100027,0.0,2,3 - Neutral,Executive/Senior Management,0.0,0.0,0.0
500100027,0.0,3,4 - Somewhat satisfied,Executive/Senior Management,0.0,0.0,0.0
500100027,0.0,4,5 - Very satisfied,Executive/Senior Management,0.0,0.0,0.0
500100027,1.0,0,"Yes, strongly",Less than 1 year,0.0,0.0,0.0
500100027,1.0,1,"Yes, somewhat",Less than 1 year,0.0,0.0,0.0
500100027,1.0,2,"No, not really",Less than 1 year,0.0,0.0,0.0
500100027,1.0,3,"No, not at all",Less than 1 year,0.0,0.0,0.0
500100027,2.0,0,1 - Very poor,Less than 1 year,0.1074823381273985,0.0214964676254797,0.0023104906018664847
500100027,2.0,1,2 - Fair,Less than 1 year,0.0,0.0,0.0
500100027,2.0,2,3 - Good,Less than 1 year,0.0,0.0,0.0
500100027,2.0,3,4 - Very good,Less than 1 year,0.0,0.0,0.0
500100027,2.0,4,5 - Excellent,Less than 1 year,0.0,0.0,0.0
500100027,3.0,0,"Yes, strongly",Very satisfied,0.0,0.0,0.0
500100027,3.0,1,"Yes, somewhat",Very satisfied,0.0,0.0,0.0
500100027,3.0,2,"No, not really",Very satisfied,0.0,0.0,0.0
500100027,3.0,3,"No, not at all",Very satisfied,0.0,0.0,0.0
500100027,4.0,0,1 - Very dissatisfied,Very dissatisfied,0.408248290463863,0.1031461257182523,0.03125587585564288
500100027,4.0,1,2 - Somewhat dissatisfied,Very dissatisfied,0.1074823381273985,0.0214964676254797,0.0023104906018664843
500100027,4.0,2,3 - Neutral,Neutral,0.135315205395163,0.027063041079032603,0.003662040962227031
500100027,4.0,3,4 - Somewhat satisfied,Very satisfied,0.1074823381273985,0.0214964676254797,0.0023104906018664847
500100027,4.0,4,5 - Very satisfied,Very satisfied,0.408248290463863,0.1031461257182523,0.031255875855642885
500100027,5.0,0,"Yes, strongly",Very clearly,0.0,0.0,0.0
500100027,5.0,1,"Yes, somewhat",Very clearly,0.0,0.0,0.0
500100027,5.0,2,"No, not really",Very clearly,0.0,0.0,0.0
500100027,5.0,3,"No, not at all",Not at all clearly,0.408248290463863,0.08164965809277261,0.03333333333333333
500100028,0.0,0,Very satisfied,Sales & Marketing,0.0,0.0,0.0
500100028,0.0,1,Somewhat satisfied,Sales & Marketing,0.0,0.0,0.0
500100028,0.0,2,Neutral,Sales & Marketing,0.0,0.0,0.0
500100028,0.0,3,Somewhat dissatisfied,Sales & Marketing,0.0,0.0,0.0
500100028,0.0,4,Very dissatisfied,Sales & Marketing,0.0,0.0,0.0
500100028,1.0,0,Yes,1,0.0,0.0,0.0
500100028,1.0,1,No,1,0.0,0.0,0.0
500100028,1.0,2,Partially,1,0.0,0.0,0.0
500100028,2.0,0,Very clear,Yes,0.0,0.0,0.0
500100028,2.0,1,Somewhat clear,Yes,0.0,0.0,0.0
500100028,2.0,2,Neutral,Yes,0.0,0.0,0.0
500100028,2.0,3,Somewhat unclear,Yes,0.0,0.0,0.0
500100028,2.0,4,Very unclear,Yes,0.0,0.0,0.0
500100028,3.0,0,Yes,Very well,0.0,0.0,0.0
500100028,3.0,1,No,Very well,0.0,0.0,0.0
500100028,3.0,2,Partially,Very well,0.0,0.0,0.0
500100028,4.0,0,Very well-organized,Yes,0.0,0.0,0.0
500100028,4.0,1,Somewhat well-organized,Yes,0.0,0.0,0.0
500100028,4.0,2,Neutral,Yes,0.0,0.0,0.0
500100028,4.0,3,Somewhat disorganized,Yes,0.0,0.0,0.0
500100028,4.0,4,Very disorganized,Yes,0.0,0.0,0.0
500100029,0.0,0,Executive/Senior Management,Executive/Senior Management,1.0,0.3333333333333333,0.33333333333333337
500100029,0.0,1,Manager,Manager,1.0,0.3333333333333333,0.33333333333333337
500100029,0.0,2,Team Lead,Executive/Senior Management,0.0,0.0,0.0
500100029,0.0,3,Other (please specify): __________________,Executive/Senior Management,0.0,0.0,0.0
500100029,1.0,0,1,Less than 1 year,0.0497870683678639,0.009957413673572781,0.0004957504353332708
500100029,1.0,1,2,Less than 1 year,0.0,0.0,0.0
500100029,1.0,2,3,Less than 1 year,0.0,0.0,0.0
500100029,1.0,3,4,Less than 1 year,0.0,0.0,0.0
500100029,1.0,4,5,Less than 1 year,0.0,0.0,0.0
500100029,4.0,0,Prioritize tasks based on urgency and importance,1,0.0,0.0,0.0
500100029,4.0,1,Prioritize tasks based on personal interests,1,0.0,0.0,0.0
500100029,4.0,2,Prioritize tasks based on team input,1,0.0,0.0,0.0
500100029,4.0,3,Prioritize tasks based on company goals,1,0.0,0.0,0.0
500100029,4.0,4,Other (please specify): __________________,1,0.0,0.0,0.0
500100030,0.0,0,Transformational,Completely agree,0.0,0.0,0.0
500100030,0.0,1,Transactional,Completely agree,0.0,0.0,0.0
500100030,0.0,2,Autocratic,Completely agree,0.0,0.0,0.0
500100030,0.0,3,Democratic,Completely agree,0.0,0.0,0.0
500100030,0.0,4,Other (please specify): __________________,Completely agree,0.0,0.0,0.0
500100030,1.0,0,Communication,Very effectively,0.0,0.0,0.0
500100030,1.0,1,Strategic thinking,Very effectively,0.0,0.0,0.0
500100030,1.0,2,Collaboration,Very effectively,0.0,0.0,0.0
500100030,1.0,3,Emotional intelligence,Very effectively,0.0,0.0,0.0
500100030,1.0,4,Other (please specify): __________________,Very effectively,0.0,0.0,0.0
500100030,2.0,0,1,Excellent,0.0,0.0,0.0
500100030,2.0,1,2,Excellent,0.0,0.0,0.0
500100030,2.0,2,3,Excellent,0.0,0.0,0.0
500100030,2.0,3,4,Excellent,0.0,0.0,0.0
500100030,2.0,4,5,Excellent,0.0,0.0,0.0
500100030,3.0,0,Daily,"Yes, always",0.0,0.0,0.0
500100030,3.0,1,Weekly,"Yes, always",0.0,0.0,0.0
500100030,3.0,2,Monthly,"Yes, always",0.0,0.0,0.0
500100030,3.0,3,Quarterly,"Yes, always",0.0,0.0,0.0
500100030,3.0,4,Rarely,"Yes, always",0.0,0.0,0.0
500100031,0.0,0,Excellent,Executive/Senior Management,0.0,0.0,0.0
500100031,0.0,1,Good,Executive/Senior Management,0.0,0.0,0.0
500100031,0.0,2,Fair,Executive/Senior Management,0.0,0.0,0.0
500100031,0.0,3,Poor,Executive/Senior Management,0.0,0.0,0.0
500100031,1.0,0,Yes,Very effective,0.0,0.0,0.0
500100031,1.0,1,No,Very effective,0.0,0.0,0.0
500100031,1.0,2,Sometimes,Very effective,0.0,0.0,0.0
500100031,2.0,0,Excellent,"Yes, always",0.0,0.0,0.0
500100031,2.0,1,Good,"Yes, always",0.0,0.0,0.0
500100031,2.0,2,Fair,"Yes, always",0.0,0.0,0.0
500100031,2.0,3,Poor,"Yes, always",0.0,0.0,0.0
500100031,3.0,0,Yes,"Yes, completely",0.0,0.0,0.0
500100031,3.0,1,No,"Yes, completely",0.0,0.0,0.0
500100031,3.0,2,Sometimes,"Yes, completely",0.0,0.0,0.0
500100033,0.0,0,1,1,1.0,0.2,0.20000000000000004
500100033,0.0,1,2,2,1.0,0.2,0.20000000000000004
500100033,0.0,2,3,3,1.0,0.2,0.20000000000000004
500100033,0.0,3,4,4,1.0,0.2,0.2
500100033,0.0,4,5,5,1.0,0.2,0.2
500100033,0.0,5,6,1,0.0,0.0,0.0
500100033,0.0,6,7,1,0.0,0.0,0.0
500100033,0.0,7,8,1,0.0,0.0,0.0
500100033,0.0,8,9,1,0.0,0.0,0.0
500100033,0.0,9,10,1,0.0,0.0,0.0
500100033,1.0,0,Training sessions,Yes,0.0,0.0,0.0
500100033,1.0,1,Meetings with team members,Yes,0.0,0.0,0.0
500100033,1.0,2,Documentation and resources,Yes,0.0,0.0,0.0
500100033,1.0,3,Manager's guidance,Yes,0.0,0.0,0.0
500100033,1.0,4,Other (please specify): __________________,Yes,0.0,0.0,0.0
500100033,2.0,0,Lack of clear instructions,Yes,0.0,0.0,0.0
500100033,2.0,1,Difficulty understanding company policies,Yes,0.0,0.0,0.0
500100033,2.0,2,Difficulty connecting with team members,Yes,0.0,0.0,0.0
500100033,2.0,3,Other (please specify): __________________,Yes,0.0,0.0,0.0
500100033,3.0,0,1,1,1.0,0.1,0.10000000000000002
500100033,3.0,1,2,2,1.0,0.1,0.10000000000000002
500100033,3.0,2,3,3,1.0,0.1,0.10000000000000002
500100033,3.0,3,4,4,1.0,0.1,0.10000000000000002
500100033,3.0,4,5,5,1.0,0.1,0.10000000000000002
500100033,3.0,5,6,6,1.0,0.1,0.1
500100033,3.0,6,7,7,1.0,0.1,0.1
500100033,3.0,7,8,8,1.0,0.1,0.09999999999999999
500100033,3.0,8,9,9,1.0,0.1,0.09999999999999999
500100033,3.0,9,10,10,1.0,0.1,0.1
500100034,0.0,0,1,1,1.0,0.2,0.20000000000000004
500100034,0.0,1,2,2,1.0,0.2,0.20000000000000004
500100034,0.0,2,3,3,1.0,0.2,0.20000000000000004
500100034,0.0,3,4,4,1.0,0.2,0.2
500100034,0.0,4,5,5,1.0,0.2,0.2
500100034,1.0,0,Yes,Excellent,0.0,0.0,0.0
500100034,1.0,1,No,Excellent,0.0,0.0,0.0
500100034,1.0,2,Mostly,Excellent,0.0,0.0,0.0
500100034,2.0,0,1,"Yes, completely",0.0,0.0,0.0
500100034,2.0,1,2,"Yes, completely",0.0,0.0,0.0
500100034,2.0,2,3,"Yes, completely",0.0,0.0,0.0
500100034,2.0,3,4,"Yes, completely",0.0,0.0,0.0
500100034,2.0,4,5,"Yes, completely",0.0,0.0,0.0
500100035,0.0,0,Very well,"Yes, completely",0.0,0.0,0.0
500100035,0.0,1,Well,"Yes, completely",0.0,0.0,0.0
500100035,0.0,2,Neutral,"Yes, completely",0.0,0.0,0.0
500100035,0.0,3,Poorly,"Yes, completely",0.0,0.0,0.0
500100035,0.0,4,Very poorly,"Yes, completely",0.0,0.0,0.0
500100035,1.0,0,Yes,"Yes, completely",0.0,0.0,0.0
500100035,1.0,1,No,"Yes, completely",0.0,0.0,0.0
500100035,1.0,2,Partially,"Yes, completely",0.0,0.0,0.0
500100035,2.0,0,Very good,Very poor,0.1861648705529516,0.037232974110590324,0.006931471805599446
500100035,2.0,1,Good,Good,1.0,0.2,0.20000000000000004
500100035,2.0,2,Fair,Excellent,0.0,0.0,0.0
500100035,2.0,3,Poor,Poor,1.0,0.2,0.2
500100035,2.0,4,Very poor,Very poor,1.0,0.2,0.2
500100036,0.0,0,Agree,Excellent,0.0,0.0,0.0
500100036,0.0,1,Disagree,Excellent,0.0,0.0,0.0
500100036,1.0,0,Agree,Yes,0.0,0.0,0.0
500100036,1.0,1,Disagree,Yes,0.0,0.0,0.0
500100036,2.0,0,Agree,1,0.0,0.0,0.0
500100036,2.0,1,Disagree,1,0.0,0.0,0.0
500100036,3.0,0,Agree,Yes,0.0,0.0,0.0
500100036,3.0,1,Disagree,Yes,0.0,0.0,0.0
500100036,4.0,0,Agree,Yes,0.0,0.0,0.0
500100036,4.0,1,Disagree,Yes,0.0,0.0,0.0
500100036,5.0,0,Agree,Yes,0.0,0.0,0.0
500100036,5.0,1,Disagree,Yes,0.0,0.0,0.0
500100037,0.0,0,Never,Executive/Senior Management,0.0,0.0,0.0
500100037,0.0,1,Rarely,Executive/Senior Management,0.0,0.0,0.0
500100037,0.0,2,Sometimes,Executive/Senior Management,0.0,0.0,0.0
500100037,0.0,3,Often,Executive/Senior Management,0.0,0.0,0.0
500100037,0.0,4,Almost always,Executive/Senior Management,0.0,0.0,0.0
500100037,2.0,0,1,Always,0.0,0.0,0.0
500100037,2.0,1,2,Always,0.0,0.0,0.0
500100037,2.0,2,3,Always,0.0,0.0,0.0
500100037,2.0,3,4,Always,0.0,0.0,0.0
500100037,2.0,4,5,Always,0.0,0.0,0.0
500100037,3.0,0,Yes,Workload,0.0,0.0,0.0
500100037,3.0,1,No,Workload,0.0,0.0,0.0
500100037,3.0,2,Sometimes,Workload,0.0,0.0,0.0
500100037,4.0,0,Never,High volume of work,0.0,0.0,0.0
500100037,4.0,1,Rarely,High volume of work,0.0,0.0,0.0
500100037,4.0,2,Sometimes,High volume of work,0.0,0.0,0.0
500100037,4.0,3,Often,High volume of work,0.0,0.0,0.0
500100037,4.0,4,Almost always,High volume of work,0.0,0.0,0.0
500100038,0.0,0,1,Yes,0.0,0.0,0.0
500100038,0.0,1,2,Yes,0.0,0.0,0.0
500100038,0.0,2,3,Yes,0.0,0.0,0.0
500100038,0.0,3,4,Yes,0.0,0.0,0.0
500100038,0.0,4,5,Yes,0.0,0.0,0.0
500100038,0.0,5,6,Yes,0.0,0.0,0.0
500100038,0.0,6,7,Yes,0.0,0.0,0.0
500100038,0.0,7,8,Yes,0.0,0.0,0.0
500100038,0.0,8,9,Yes,0.0,0.0,0.0
500100038,0.0,9,10,Yes,0.0,0.0,0.0
500100038,1.0,0,Yes,1,0.0,0.0,0.0
500100038,1.0,1,No,1,0.0,0.0,0.0
500100038,2.0,0,Excellent,Understanding unconscious bias,0.0,0.0,0.0
500100038,2.0,1,Good,Understanding unconscious bias,0.0,0.0,0.0
500100038,2.0,2,Neutral,Understanding unconscious bias,0.0,0.0,0.0
500100038,2.0,3,Poor,Understanding unconscious bias,0.0,0.0,0.0
500100038,2.0,4,Very poor,Understanding unconscious bias,0.0,0.0,0.0
500100038,3.0,0,"Yes, definitely","Yes, strongly agree",0.1129147017517987,0.04516588070071948,0.003824918961509295
500100038,3.0,1,"Yes, somewhat","Yes, somewhat agree",0.6065306597126334,0.16647201264324618,0.06370356148684303
500100038,3.0,2,"No, not really","No, somewhat disagree",0.135315205395163,0.054126082158065206,0.005493061443340545
500100038,3.0,3,"No, not at all","No, somewhat disagree",0.1074823381273985,0.0429929352509594,0.0034657359027997266
500100039,0.0,0,Completely Disagree,1,0.0,0.0,0.0
500100039,0.0,1,2,2,1.0,0.1,0.10000000000000002
500100039,0.0,2,3,3,1.0,0.1,0.10000000000000002
500100039,0.0,3,4,4,1.0,0.1,0.10000000000000002
500100039,0.0,4,5,5,1.0,0.1,0.10000000000000002
500100039,0.0,5,6,6,1.0,0.1,0.1
500100039,0.0,6,7,7,1.0,0.1,0.1
500100039,0.0,7,8,8,1.0,0.1,0.09999999999999999
500100039,0.0,8,9,9,1.0,0.1,0.09999999999999999
500100039,0.0,9,Strongly Agree,1,0.0,0.0,0.0
500100039,1.0,0,Completely Disagree,Very frequently,0.0,0.0,0.0
500100039,1.0,1,2,Very frequently,0.0,0.0,0.0
500100039,1.0,2,3,Very frequently,0.0,0.0,0.0
500100039,1.0,3,4,Very frequently,0.0,0.0,0.0
500100039,1.0,4,5,Very frequently,0.0,0.0,0.0
500100039,1.0,5,6,Very frequently,0.0,0.0,0.0
500100039,1.0,6,7,Very frequently,0.0,0.0,0.0
500100039,1.0,7,8,Very frequently,0.0,0.0,0.0
500100039,1.0,8,9,Very frequently,0.0,0.0,0.0
500100039,1.0,9,Strongly Agree,Very frequently,0.0,0.0,0.0
500100039,2.0,0,Completely Disagree,Completely agree,0.1861648705529516,0.07446594822118065,0.01039720770839917
500100039,2.0,1,2,Completely agree,0.0,0.0,0.0
500100039,2.0,2,3,Completely agree,0.0,0.0,0.0
500100039,2.0,3,4,Completely agree,0.0,0.0,0.0
500100039,2.0,4,5,Completely agree,0.0,0.0,0.0
500100039,2.0,5,6,Completely agree,0.0,0.0,0.0
500100039,2.0,6,7,Completely agree,0.0,0.0,0.0
500100039,2.0,7,8,Completely agree,0.0,0.0,0.0
500100039,2.0,8,9,Completely agree,0.0,0.0,0.0
500100039,2.0,9,Strongly Agree,Completely agree,0.0,0.0,0.0
500100039,3.0,0,Completely Disagree,Yes,0.0,0.0,0.0
500100039,3.0,1,2,Yes,0.0,0.0,0.0
500100039,3.0,2,3,Yes,0.0,0.0,0.0
500100039,3.0,3,4,Yes,0.0,0.0,0.0
500100039,3.0,4,5,Yes,0.0,0.0,0.0
500100039,3.0,5,6,Yes,0.0,0.0,0.0
500100039,3.0,6,7,Yes,0.0,0.0,0.0
500100039,3.0,7,8,Yes,0.0,0.0,0.0
500100039,3.0,8,9,Yes,0.0,0.0,0.0
500100039,3.0,9,Strongly Agree,Yes,0.0,0.0,0.0
500100040,0.0,0,Strongly Agree,1,0.0,0.0,0.0
500100040,0.0,1,Somewhat Agree,1,0.0,0.0,0.0
500100040,0.0,2,Neutral,1,0.0,0.0,0.0
500100040,0.0,3,Somewhat Disagree,1,0.0,0.0,0.0
500100040,0.0,4,Strongly Disagree,1,0.0,0.0,0.0
500100040,1.0,0,Strongly Agree,Very frequently,0.0,0.0,0.0
500100040,1.0,1,Somewhat Agree,Very frequently,0.0,0.0,0.0
500100040,1.0,2,Neutral,Very frequently,0.0,0.0,0.0
500100040,1.0,3,Somewhat Disagree,Very frequently,0.0,0.0,0.0
500100040,1.0,4,Strongly Disagree,Very frequently,0.0,0.0,0.0
500100040,2.0,0,Strongly Agree,"Yes, always",0.0,0.0,0.0
500100040,2.0,1,Somewhat Agree,"Yes, always",0.0,0.0,0.0
500100040,2.0,2,Neutral,"Yes, always",0.0,0.0,0.0
500100040,2.0,3,Somewhat Disagree,"Yes, always",0.0,0.0,0.0
500100040,2.0,4,Strongly Disagree,"Yes, always",0.0,0.0,0.0
500100041,0.0,0,Very important,Executive/Senior Management,0.0,0.0,0.0
500100041,0.0,1,Somewhat important,Executive/Senior Management,0.0,0.0,0.0
500100041,0.0,2,Not very important,Executive/Senior Management,0.0,0.0,0.0
500100041,0.0,3,Not at all important,Executive/Senior Management,0.0,0.0,0.0
500100041,1.0,0,"Yes, completely",Less than 1 year,0.0,0.0,0.0
500100041,1.0,1,"Yes, to some extent",Less than 1 year,0.0,0.0,0.0
500100041,1.0,2,"No, not really",Less than 1 year,0.0,0.0,0.0
500100041,1.0,3,"No, not at all",Less than 1 year,0.0,0.0,0.0
500100041,2.0,0,Public recognition,Less than 1 year,0.0,0.0,0.0
500100041,2.0,1,Monetary rewards,Less than 1 year,0.0,0.0,0.0
500100041,2.0,2,Additional time off,Less than 1 year,0.0,0.0,0.0
500100041,2.0,3,Professional development opportunities,Less than 1 year,0.0,0.0,0.0
500100041,2.0,4,Other (please specify),Less than 1 year,0.0,0.0,0.0
500100041,2.0,5,,Less than 1 year,0.0,0.0,0.0
500100042,0.0,0,Executive/Senior Management,Executive/Senior Management,1.0,0.2,0.20000000000000004
500100042,0.0,1,Manager,Manager,1.0,0.2,0.20000000000000004
500100042,0.0,2,Staff/Employee,Staff/Employee,1.0,0.2,0.20000000000000004
500100042,0.0,3,Intern,Intern,1.0,0.2,0.2
500100042,0.0,4,Other (please specify): __________________,Other (please specify): __________________,1.0,0.2,0.2
500100042,1.0,0,Frequently,Less than 1 year,0.0,0.0,0.0
500100042,1.0,1,Occasionally,Less than 1 year,0.0,0.0,0.0
500100042,1.0,2,Rarely,Less than 1 year,0.0,0.0,0.0
500100042,1.0,3,Never,Less than 1 year,0.0,0.0,0.0
500100042,2.0,0,Recognition and rewards,I feel valued and appreciated.,0.069473142915288,0.023850565011611903,0.0011150717709744417
500100042,2.0,1,Sense of accomplishment,I feel extremely valued and appreciated.,0.0,0.0,0.0
500100042,2.0,2,Team recognition,I feel extremely valued and appreciated.,0.0,0.0,0.0
500100042,2.0,3,Other (please specify): __________________,I feel extremely valued and appreciated.,0.0,0.0,0.0
500100042,3.0,0,"Yes, completely",Yes,0.0,0.0,0.0
500100042,3.0,1,"Yes, to some extent",Yes,0.0,0.0,0.0
500100042,3.0,2,"No, not really",Yes,0.0,0.0,0.0
500100042,3.0,3,"No, not at all",Yes,0.0,0.0,0.0
500100042,4.0,0,Public recognition,Very satisfied,0.0,0.0,0.0
500100042,4.0,1,Monetary rewards,Very satisfied,0.0,0.0,0.0
500100042,4.0,2,Additional time off,Very satisfied,0.0,0.0,0.0
500100042,4.0,3,Professional development opportunities,Very satisfied,0.0,0.0,0.0
500100042,4.0,4,Other (please specify): __________________,Very satisfied,0.0,0.0,0.0
500100042,5.0,0,"Yes, completely",Yes,0.0,0.0,0.0
500100042,5.0,1,"Yes, to some extent",Yes,0.0,0.0,0.0
500100042,5.0,2,"No, not really",Yes,0.0,0.0,0.0
500100042,5.0,3,"No, not at all",Yes,0.0,0.0,0.0
500100043,0.0,0,Very positive,Executive/Senior Management,0.0,0.0,0.0
500100043,0.0,1,Positive,Executive/Senior Management,0.0,0.0,0.0
500100043,0.0,2,Neutral,Executive/Senior Management,0.0,0.0,0.0
500100043,0.0,3,Negative,Executive/Senior Management,0.0,0.0,0.0
500100043,0.0,4,Very negative,Executive/Senior Management,0.0,0.0,0.0
500100043,1.0,0,Very clear,Yes,0.0,0.0,0.0
500100043,1.0,1,Clear,Yes,0.0,0.0,0.0
500100043,1.0,2,Somewhat clear,Yes,0.0,0.0,0.0
500100043,1.0,3,Not very clear,Not sure,0.135315205395163,0.045105068465054333,0.006103401603711718
500100043,1.0,4,Not at all clear,Not sure,0.1074823381273985,0.03582744604246617,0.0038508176697774742
500100043,2.0,0,Very well,Very involved,0.1861648705529516,0.037232974110590324,0.006931471805599446
500100043,2.0,1,Well,Very involved,0.0,0.0,0.0
500100043,2.0,2,Somewhat well,Somewhat involved,0.1861648705529516,0.037232974110590324,0.006931471805599446
500100043,2.0,3,Not very well,Not very involved,0.5773502691896257,0.13486157013039665,0.06294897261154588
500100043,2.0,4,Not at all well,Not involved at all,0.4999999999999999,0.12149646762547968,0.04693637369549654
500100043,3.0,0,Very effective,Very clear,0.1861648705529516,0.12410991370196774,0.01155245300933241
500100043,3.0,1,Effective,Very clear,0.0,0.0,0.0
500100043,3.0,2,Somewhat effective,Somewhat clear,0.1861648705529516,0.06205495685098387,0.01155245300933241
500100043,3.0,3,Not very effective,Very clear,0.0,0.0,0.0
500100043,3.0,4,Not at all effective,Very clear,0.0,0.0,0.0
500100044,0.0,0,Very satisfied,Executive/Senior Management,0.0,0.0,0.0
500100044,0.0,1,Satisfied,Executive/Senior Management,0.0,0.0,0.0
500100044,0.0,2,Neutral,Executive/Senior Management,0.0,0.0,0.0
500100044,0.0,3,Dissatisfied,Executive/Senior Management,0.0,0.0,0.0
500100044,0.0,4,Very dissatisfied,Executive/Senior Management,0.0,0.0,0.0
500100044,2.0,0,Excellent,1,0.0,0.0,0.0
500100044,2.0,1,Good,1,0.0,0.0,0.0
500100044,2.0,2,Fair,1,0.0,0.0,0.0
500100044,2.0,3,Poor,1,0.0,0.0,0.0
500100044,2.0,4,Very poor,1,0.0,0.0,0.0
500100046,0.0,0,Team-building activities,Sales & Marketing,0.0,0.0,0.0
500100046,0.0,1,Food and drinks,Sales & Marketing,0.0,0.0,0.0
500100046,0.0,2,Speaker or presentation,Sales & Marketing,0.0,0.0,0.0
500100046,0.0,3,Other (please specify): __________________,Sales & Marketing,0.0,0.0,0.0
500100046,1.0,0,1,Outdoor team-building events,0.0,0.0,0.0
500100046,1.0,1,2,Outdoor team-building events,0.0,0.0,0.0
500100046,1.0,2,3,Outdoor team-building events,0.0,0.0,0.0
500100046,1.0,3,4,Outdoor team-building events,0.0,0.0,0.0
500100046,1.0,4,5,Outdoor team-building events,0.0,0.0,0.0
500100046,1.0,5,6,Outdoor team-building events,0.0,0.0,0.0
500100046,1.0,6,7,Outdoor team-building events,0.0,0.0,0.0
500100046,1.0,7,8,Outdoor team-building events,0.0,0.0,0.0
500100046,1.0,8,9,Outdoor team-building events,0.0,0.0,0.0
500100046,1.0,9,10,Outdoor team-building events,0.0,0.0,0.0
500100047,0.0,0,Yes,Very satisfied,0.0,0.0,0.0
500100047,0.0,1,No,Very satisfied,0.0,0.0,0.0
500100047,1.0,0,Leadership development,Completely agree,0.0,0.0,0.0
500100047,1.0,1,Technical skills training,Completely agree,0.0,0.0,0.0
500100047,1.0,2,Communication skills training,Completely agree,0.0,0.0,0.0
500100047,1.0,3,Time management training,Completely agree,0.0,0.0,0.0
500100047,1.0,4,Other (please specify): __________________,Completely agree,0.0,0.0,0.0
500100047,2.0,0,1,Yes,0.0,0.0,0.0
500100047,2.0,1,2,Yes,0.0,0.0,0.0
500100047,2.0,2,3,Yes,0.0,0.0,0.0
500100047,2.0,3,4,Yes,0.0,0.0,0.0
500100047,2.0,4,5,Yes,0.0,0.0,0.0
500100047,2.0,5,6,Yes,0.0,0.0,0.0
500100047,2.0,6,7,Yes,0.0,0.0,0.0
500100047,2.0,7,8,Yes,0.0,0.0,0.0
500100047,2.0,8,9,Yes,0.0,0.0,0.0
500100047,2.0,9,10,Yes,0.0,0.0,0.0
500100049,0.0,0,Excellent,Yes,0.0,0.0,0.0
500100049,0.0,1,Good,Yes,0.0,0.0,0.0
500100049,0.0,2,Fair,Yes,0.0,0.0,0.0
500100049,0.0,3,Poor,Yes,0.0,0.0,0.0
500100049,1.0,0,Hands-on experience,Very relevant and beneficial,0.0,0.0,0.0
500100049,1.0,1,Theory and concepts,Relevant and beneficial,0.135315205395163,0.07030512238311602,0.0025753651471009126
500100049,1.0,2,Practical application,Very relevant and beneficial,0.0,0.0,0.0
500100049,1.0,3,Other (please specify),Very relevant and beneficial,0.0,0.0,0.0
500100049,2.0,0,Very likely,"Yes, completely",0.0,0.0,0.0
500100049,2.0,1,Somewhat likely,"Yes, completely",0.0,0.0,0.0
500100049,2.0,2,Not very likely,"Yes, completely",0.0,0.0,0.0
500100049,2.0,3,Not at all likely,"No, not at all",0.408248290463863,0.10206207261596575,0.041666666666666664
500100050,0.0,0,Strongly agree,Less than 1 year,0.0,0.0,0.0
500100050,0.0,1,Agree,Less than 1 year,0.0,0.0,0.0
500100050,0.0,2,Neither agree nor disagree,Less than 1 year,0.0,0.0,0.0
500100050,0.0,3,Somewhat disagree,Less than 1 year,0.0,0.0,0.0
500100050,0.0,4,Disagree,Less than 1 year,0.0,0.0,0.0
500100050,0.0,5,Strongly disagree,Less than 1 year,0.0,0.0,0.0
500100050,1.0,0,Strongly agree,Yes,0.0,0.0,0.0
500100050,1.0,1,Agree,Yes,0.0,0.0,0.0
500100050,1.0,2,Neither agree nor disagree,Yes,0.0,0.0,0.0
500100050,1.0,3,Somewhat disagree,Yes,0.0,0.0,0.0
500100050,1.0,4,Disagree,Yes,0.0,0.0,0.0
500100050,1.0,5,Strongly disagree,Yes,0.0,0.0,0.0
500100050,2.0,0,Strongly agree,Yes,0.0,0.0,0.0
500100050,2.0,1,Agree,Yes,0.0,0.0,0.0
500100050,2.0,2,Neither agree nor disagree,Yes,0.0,0.0,0.0
500100050,2.0,3,Somewhat disagree,Somewhat,0.1861648705529516,0.06205495685098387,0.01155245300933241
500100050,2.0,4,Disagree,Yes,0.0,0.0,0.0
500100050,2.0,5,Strongly disagree,Yes,0.0,0.0,0.0
500100050,3.0,0,Strongly agree,Yes,0.0,0.0,0.0
500100050,3.0,1,Agree,Yes,0.0,0.0,0.0
500100050,3.0,2,Neither agree nor disagree,Yes,0.0,0.0,0.0
500100050,3.0,3,Somewhat disagree,Yes,0.0,0.0,0.0
500100050,3.0,4,Disagree,Yes,0.0,0.0,0.0
500100050,3.0,5,Strongly disagree,Yes,0.0,0.0,0.0
500100051,0.0,0,Less than 20 hours,Executive/Senior Management,0.0,0.0,0.0
500100051,0.0,1,20-30 hours,Executive/Senior Management,0.0,0.0,0.0
500100051,0.0,2,30-40 hours,Executive/Senior Management,0.0,0.0,0.0
500100051,0.0,3,40-50 hours,Executive/Senior Management,0.0,0.0,0.0
500100051,0.0,4,More than 50 hours,Executive/Senior Management,0.0,0.0,0.0
500100051,1.0,0,Completely agree,Less than 1 year,0.0,0.0,0.0
500100051,1.0,1,Partially agree,Less than 1 year,0.0,0.0,0.0
500100051,1.0,2,Neutral,Less than 1 year,0.0,0.0,0.0
500100051,1.0,3,Partially disagree,Less than 1 year,0.0,0.0,0.0
500100051,1.0,4,Completely disagree,Less than 1 year,0.0,0.0,0.0
500100051,2.0,0,Rarely,Rarely,1.0,0.2,0.2
500100051,2.0,1,Occasionally,Very often,0.0,0.0,0.0
500100051,2.0,2,Frequently,Very often,0.0,0.0,0.0
500100051,2.0,3,Almost always,Very often,0.0,0.0,0.0
500100051,3.0,0,Yes,Yes,1.0,0.3333333333333333,0.33333333333333337
500100051,3.0,1,No,No,1.0,0.3333333333333333,0.33333333333333337
500100051,3.0,2,Sometimes,Sometimes,1.0,0.3333333333333333,0.33333333333333337
500100052,0.0,0,Almost never,Executive/Senior Management,0.0,0.0,0.0
500100052,0.0,1,Rarely,Executive/Senior Management,0.0,0.0,0.0
500100052,0.0,2,Sometimes,Executive/Senior Management,0.0,0.0,0.0
500100052,0.0,3,Often,Executive/Senior Management,0.0,0.0,0.0
500100052,0.0,4,Almost always,Executive/Senior Management,0.0,0.0,0.0
500100052,1.0,0,"Yes, completely",Less than 1 year,0.0,0.0,0.0
500100052,1.0,1,"Yes, to some extent",Less than 1 year,0.0,0.0,0.0
500100052,1.0,2,"No, not really",Less than 1 year,0.0,0.0,0.0
500100052,1.0,3,"No, not at all",Less than 1 year,0.0,0.0,0.0
500100052,2.0,0,Excellent,1,0.0,0.0,0.0
500100052,2.0,1,Good,1,0.0,0.0,0.0
500100052,2.0,2,Neutral,1,0.0,0.0,0.0
500100052,2.0,3,Poor,1,0.0,0.0,0.0
500100052,2.0,4,Very poor,1,0.0,0.0,0.0
500100053,0.0,0,1,Executive/Senior Management,0.0,0.0,0.0
500100053,0.0,1,2,Executive/Senior Management,0.0,0.0,0.0
500100053,0.0,2,3,Executive/Senior Management,0.0,0.0,0.0
500100053,0.0,3,4,Executive/Senior Management,0.0,0.0,0.0
500100053,0.0,4,5,Executive/Senior Management,0.0,0.0,0.0
500100053,0.0,5,6,Executive/Senior Management,0.0,0.0,0.0
500100053,0.0,6,7,Executive/Senior Management,0.0,0.0,0.0
500100053,0.0,7,8,Executive/Senior Management,0.0,0.0,0.0
500100053,0.0,8,9,Executive/Senior Management,0.0,0.0,0.0
500100053,0.0,9,10,Executive/Senior Management,0.0,0.0,0.0
500100053,1.0,0,Yes,Less than 1 year,0.0,0.0,0.0
500100053,1.0,1,No,Less than 1 year,0.0,0.0,0.0
500100053,1.0,2,Sometimes,Less than 1 year,0.0,0.0,0.0
500100053,2.0,0,Yes,"Yes, always",0.0,0.0,0.0
500100053,2.0,1,No,"Yes, always",0.0,0.0,0.0
500100053,2.0,2,Sometimes,Sometimes,1.0,0.2,0.20000000000000004
500100053,3.0,0,Rarely,"Yes, frequently",0.0,0.0,0.0
500100053,3.0,1,Occasionally,"Yes, frequently",0.0,0.0,0.0
500100053,3.0,2,Frequently,"Yes, frequently",0.0,0.0,0.0
500100053,3.0,3,Almost always,"Yes, frequently",0.0,0.0,0.0
500100055,0.0,0,Strongly agree,Less than 1 year,0.0,0.0,0.0
500100055,0.0,1,Agree,Less than 1 year,0.0,0.0,0.0
500100055,0.0,2,Neither agree nor disagree,Less than 1 year,0.0,0.0,0.0
500100055,0.0,3,Somewhat disagree,Less than 1 year,0.0,0.0,0.0
500100055,0.0,4,Disagree,Less than 1 year,0.0,0.0,0.0
500100055,0.0,5,Strongly disagree,Less than 1 year,0.0,0.0,0.0
500100055,1.0,0,Strongly agree,1,0.0,0.0,0.0
500100055,1.0,1,Agree,1,0.0,0.0,0.0
500100055,1.0,2,Neither agree nor disagree,1,0.0,0.0,0.0
500100055,1.0,3,Somewhat disagree,1,0.0,0.0,0.0
500100055,1.0,4,Disagree,1,0.0,0.0,0.0
500100055,1.0,5,Strongly disagree,1,0.0,0.0,0.0
500100055,2.0,0,Strongly agree,Yes,0.0,0.0,0.0
500100055,2.0,1,Agree,Yes,0.0,0.0,0.0
500100055,2.0,2,Neither agree nor disagree,Yes,0.0,0.0,0.0
500100055,2.0,3,Somewhat disagree,Yes,0.0,0.0,0.0
500100055,2.0,4,Disagree,Yes,0.0,0.0,0.0
500100055,2.0,5,Strongly disagree,Yes,0.0,0.0,0.0
500100055,3.0,0,Strongly agree,Very often,0.0,0.0,0.0
500100055,3.0,1,Agree,Very often,0.0,0.0,0.0
500100055,3.0,2,Neither agree nor disagree,Very often,0.0,0.0,0.0
500100055,3.0,3,Somewhat disagree,Very often,0.0,0.0,0.0
500100055,3.0,4,Disagree,Very often,0.0,0.0,0.0
500100055,3.0,5,Strongly disagree,Very often,0.0,0.0,0.0
500100055,4.0,0,Strongly agree,Completely agree,0.1861648705529516,0.07446594822118065,0.010397207708399168
500100055,4.0,1,Agree,Completely agree,0.0,0.0,0.0
500100055,4.0,2,Neither agree nor disagree,Completely agree,0.1074823381273985,0.0859858705019188,0.0023104906018664847
500100055,4.0,3,Somewhat disagree,Partially disagree,0.1861648705529516,0.07446594822118065,0.010397207708399168
500100055,4.0,4,Disagree,Completely agree,0.0,0.0,0.0
500100055,4.0,5,Strongly disagree,Partially disagree,0.1861648705529516,0.07446594822118065,0.010397207708399168
500100056,0.0,0,Too high,Executive/Senior Management,0.0,0.0,0.0
500100056,0.0,1,High,Executive/Senior Management,0.0,0.0,0.0
500100056,0.0,2,Moderate,Executive/Senior Management,0.0,0.0,0.0
500100056,0.0,3,Low,Executive/Senior Management,0.0,0.0,0.0
500100056,0.0,4,Too low,Executive/Senior Management,0.0,0.0,0.0
500100056,1.0,0,Yes,1,0.0,0.0,0.0
500100056,1.0,1,No,1,0.0,0.0,0.0
500100056,2.0,0,Too many tasks,"Yes, always",0.0,0.0,0.0
500100056,2.0,1,Lack of resources,"Yes, always",0.0,0.0,0.0
500100056,2.0,2,Poor prioritization,"Yes, always",0.0,0.0,0.0
500100056,2.0,3,Inadequate time management,"Yes, always",0.0,0.0,0.0
500100056,2.0,4,Other (please specify),"Yes, always",0.0,0.0,0.0
500100056,3.0,0,Every day,"Yes, always",0.0,0.0,0.0
500100056,3.0,1,Most days,"Yes, always",0.0,0.0,0.0
500100056,3.0,2,Half of the working days,"Yes, always",0.0,0.0,0.0
500100056,3.0,3,Rarely,"Yes, always",0.0,0.0,0.0
500100056,3.0,4,Never,"Yes, always",0.0,0.0,0.0
500100057,0.0,0,Too high,Executive/Senior Management,0.0,0.0,0.0
500100057,0.0,1,About right,Executive/Senior Management,0.0,0.0,0.0
500100057,0.0,2,Too low,Executive/Senior Management,0.0,0.0,0.0
500100057,1.0,0,Email management,Less than 1 year,0.0,0.0,0.0
500100057,1.0,1,Task management,Less than 1 year,0.0,0.0,0.0
500100057,1.0,2,Meeting preparation,Less than 1 year,0.0,0.0,0.0
500100057,1.0,3,Reporting and analysis,Less than 1 year,0.0,0.0,0.0
500100057,1.0,4,Project management,Less than 1 year,0.0,0.0,0.0
500100057,1.0,5,Other (please specify),Less than 1 year,0.0,0.0,0.0
500100057,1.0,6,Not applicable,Less than 1 year,0.0,0.0,0.0
500100057,2.0,0,Yes,1,0.0,0.0,0.0
500100057,2.0,1,No,1,0.0,0.0,0.0
500100057,2.0,2,Somewhat,1,0.0,0.0,0.0
500100057,3.0,0,Time management,"Yes, always",0.0,0.0,0.0
500100057,3.0,1,Prioritization,"Yes, always",0.0,0.0,0.0
500100057,3.0,2,Task complexity,"Yes, always",0.0,0.0,0.0
500100057,3.0,3,Resource constraints,"Yes, always",0.0,0.0,0.0
500100057,3.0,4,Other (please specify),"Yes, always",0.0,0.0,0.0
500100057,3.0,5,Not applicable,"Yes, always",0.0,0.0,0.0
500100057,4.0,0,Yes,Very frequently,0.0,0.0,0.0
500100057,4.0,1,No,Very frequently,0.0,0.0,0.0
500100057,4.0,2,Somewhat,Very frequently,0.0,0.0,0.0
500100057,5.0,0,Frequently,"Yes, always",0.0,0.0,0.0
500100057,5.0,1,Occasionally,"Yes, always",0.0,0.0,0.0
500100057,5.0,2,Rarely,Rarely,1.0,0.2,0.2
500100057,5.0,3,Never,"Yes, always",0.0,0.0,0.0
500100058,0.0,0,Executive/Senior Management,Executive/Senior Management,1.0,0.2,0.20000000000000004
500100058,0.0,1,Manager,Manager,1.0,0.2,0.20000000000000004
500100058,0.0,2,Staff/Employee,Staff/Employee,1.0,0.2,0.20000000000000004
500100058,0.0,3,Intern,Intern,1.0,0.2,0.2
500100058,0.0,4,Other (please specify): __________________,Other (please specify): ________________,0.7071067811865475,0.1414213562373095,0.09999999999999999
500100058,1.0,0,Software Developer,Less than 1 year,0.0,0.0,0.0
500100058,1.0,1,Data Analyst,Less than 1 year,0.0,0.0,0.0
500100058,1.0,2,Marketing Specialist,Less than 1 year,0.0,0.0,0.0
500100058,1.0,3,Operations Manager,Less than 1 year,0.0,0.0,0.0
500100058,1.0,4,Other (please specify): __________________,Less than 1 year,0.0,0.0,0.0
500100058,2.0,0,Yes,Always,0.0,0.0,0.0
500100058,2.0,1,No,Always,0.0,0.0,0.0
500100058,2.0,2,Sometimes,Sometimes,1.0,0.16666666666666666,0.16666666666666669
500100058,3.0,0,Very heavy,Yes,0.0,0.0,0.0
500100058,3.0,1,Heavy,Yes,0.0,0.0,0.0
500100058,3.0,2,Moderate,Yes,0.0,0.0,0.0
500100058,3.0,3,Light,Yes,0.0,0.0,0.0
500100058,3.0,4,Very light,Yes,0.0,0.0,0.0
500100058,4.0,0,Yes,Yes,1.0,0.3333333333333333,0.33333333333333337
500100058,4.0,1,No,No,1.0,0.3333333333333333,0.33333333333333337
500100058,4.0,2,Sometimes,Yes,0.0,0.0,0.0
500100058,5.0,0,To-do list,Yes,0.0,0.0,0.0
500100058,5.0,1,Task management software,Yes,0.0,0.0,0.0
500100058,5.0,2,Prioritization framework,Yes,0.0,0.0,0.0
500100058,5.0,3,Other (please specify): __________________,Yes,0.0,0.0,0.0
500100058,6.0,0,Google Calendar,Yes,0.0,0.0,0.0
500100058,6.0,1,Microsoft Outlook,Yes,0.0,0.0,0.0
500100058,6.0,2,"Task management software (e.g. Trello, Asana)",Yes,0.0,0.0,0.0
500100058,6.0,3,"Note-taking app (e.g. Evernote, OneNote)",Yes,0.0,0.0,0.0
500100058,6.0,4,Other (please specify): __________________,Yes,0.0,0.0,0.0
500100059,1.0,0,Yes,Very poor,0.0,0.0,0.0
500100059,1.0,1,No,Very poor,0.0,0.0,0.0
500100059,1.0,2,Somewhat,Very poor,0.0,0.0,0.0
500100059,2.0,0,High,Yes,0.0,0.0,0.0
500100059,2.0,1,Medium,Yes,0.0,0.0,0.0
500100059,2.0,2,Low,Yes,0.0,0.0,0.0
500100059,3.0,0,Yes,1,0.0,0.0,0.0
500100059,3.0,1,No,1,0.0,0.0,0.0
500100059,3.0,2,Somewhat,1,0.0,0.0,0.0
500100060,0.0,0,Friendly and collaborative,Executive/Senior Management,0.0,0.0,0.0
500100060,0.0,1,Professional and formal,Executive/Senior Management,0.0,0.0,0.0
500100060,0.0,2,Challenging and competitive,Executive/Senior Management,0.0,0.0,0.0
500100060,0.0,3,Boring and unengaging,Executive/Senior Management,0.0,0.0,0.0
500100060,0.0,4,Other,Other (please specify): __________________,0.0497870683678639,0.009957413673572781,0.0004957504353332709
500100060,1.0,0,Always,Less than 1 year,0.0,0.0,0.0
500100060,1.0,1,Mostly,Less than 1 year,0.0,0.0,0.0
500100060,1.0,2,Sometimes,Less than 1 year,0.0,0.0,0.0
500100060,1.0,3,Rarely,Less than 1 year,0.0,0.0,0.0
500100060,1.0,4,Never,Less than 1 year,0.0,0.0,0.0
500100060,2.0,0,1,Very inclusive and diverse,0.0,0.0,0.0
500100060,2.0,1,2,Very inclusive and diverse,0.0,0.0,0.0
500100060,2.0,2,3,Very inclusive and diverse,0.0,0.0,0.0
500100060,2.0,3,4,Very inclusive and diverse,0.0,0.0,0.0
500100060,2.0,4,5,Very inclusive and diverse,0.0,0.0,0.0
500100060,2.0,5,6,Very inclusive and diverse,0.0,0.0,0.0
500100060,2.0,6,7,Very inclusive and diverse,0.0,0.0,0.0
500100060,2.0,7,8,Very inclusive and diverse,0.0,0.0,0.0
500100060,2.0,8,9,Very inclusive and diverse,0.0,0.0,0.0
500100060,2.0,9,10,Very inclusive and diverse,0.0,0.0,0.0
500100060,3.0,0,I always receive constructive feedback and recognition for my work,"Yes, always",0.0505809043128382,0.01264522607820955,0.0006396069702761235
500100060,3.0,1,"I mostly receive constructive feedback, but sometimes it's lacking","Yes, sometimes",0.0552422012763417,0.013810550319085424,0.0007629252004639621
500100060,3.0,2,"I sometimes receive constructive feedback, but often it's lacking","Yes, sometimes",0.0552422012763417,0.02762110063817085,0.001017233600618616
500100060,3.0,3,"I rarely receive constructive feedback, and it's usually negative","Yes, always",0.0,0.0,0.0
500100060,3.0,4,"I never receive constructive feedback, and it's usually negative","No, never",0.0552422012763417,0.013810550319085424,0.0007629252004639621
500100060,4.0,0,1,Very comfortable,0.0,0.0,0.0
500100060,4.0,1,2,Very comfortable,0.0,0.0,0.0
500100060,4.0,2,3,Very comfortable,0.0,0.0,0.0
500100060,4.0,3,4,Very comfortable,0.0,0.0,0.0
500100060,4.0,4,5,Very comfortable,0.0,0.0,0.0
500100060,4.0,5,6,Very comfortable,0.0,0.0,0.0
500100060,4.0,6,7,Very comfortable,0.0,0.0,0.0
500100060,4.0,7,8,Very comfortable,0.0,0.0,0.0
500100060,4.0,8,9,Very comfortable,0.0,0.0,0.0
500100060,4.0,9,10,Very comfortable,0.0,0.0,0.0
500100060,5.0,0,Yes,"Yes, always",0.0,0.0,0.0
500100060,5.0,1,No,"Yes, always",0.0,0.0,0.0
500100060,5.0,2,Somewhat,"Yes, always",0.0,0.0,0.0
500100061,0.0,0,Very high,1,0.0,0.0,0.0
500100061,0.0,1,High,1,0.0,0.0,0.0
500100061,0.0,2,Neutral,1,0.0,0.0,0.0
500100061,0.0,3,Low,1,0.0,0.0,0.0
500100061,0.0,4,Very low,1,0.0,0.0,0.0
500100061,1.0,0,"Yes, always",Yes,0.0,0.0,0.0
500100061,1.0,1,"Yes, sometimes",Yes,0.0,0.0,0.0
500100061,1.0,2,"No, not often",Yes,0.0,0.0,0.0
500100061,1.0,3,"No, never",Yes,0.0,0.0,0.0
500100061,2.0,0,Very high,Very poor,0.1861648705529516,0.037232974110590324,0.006931471805599446
500100061,2.0,1,High,Excellent,0.0,0.0,0.0
500100061,2.0,2,Neutral,Neutral,1.0,0.2,0.20000000000000004
500100061,2.0,3,Low,Excellent,0.0,0.0,0.0
500100061,2.0,4,Very low,Very poor,0.1861648705529516,0.037232974110590324,0.006931471805599446
500100061,3.0,0,"Yes, always","Yes, always",1.0,0.20830779947609837,0.1961911979226261
500100061,3.0,1,"Yes, sometimes","Yes, always",0.1861648705529516,0.04554077358668868,0.006503259259250882
500100061,3.0,2,"No, not often","No, never",0.135315205395163,0.027063041079032603,0.0036620409622270303
500100061,3.0,3,"No, never","No, never",1.0,0.2,0.2
500100061,4.0,0,Very high,Completely agree,0.0,0.0,0.0
500100061,4.0,1,High,Completely agree,0.0,0.0,0.0
500100061,4.0,2,Neutral,Neutral,1.0,0.2,0.20000000000000004
500100061,4.0,3,Low,Completely agree,0.0,0.0,0.0
500100061,4.0,4,Very low,Completely agree,0.0,0.0,0.0
500100062,0.0,0,Collaborative and inclusive,Less than 1 year,0.0,0.0,0.0
500100062,0.0,1,Competitive and individualistic,Less than 1 year,0.0,0.0,0.0
500100062,0.0,2,Neutral,Less than 1 year,0.0,0.0,0.0
500100062,0.0,3,Not very collaborative and inclusive,Less than 1 year,0.0,0.0,0.0
500100062,0.0,4,Not collaborative and inclusive at all,Less than 1 year,0.0,0.0,0.0
500100062,1.0,0,"Yes, completely",1,0.0,0.0,0.0
500100062,1.0,1,"Yes, to some extent",1,0.0,0.0,0.0
500100062,1.0,2,"No, not really",1,0.0,0.0,0.0
500100062,1.0,3,"No, not at all",1,0.0,0.0,0.0
500100062,2.0,0,High,Collaboration and Teamwork,0.0,0.0,0.0
500100062,2.0,1,Medium,Collaboration and Teamwork,0.0,0.0,0.0
500100062,2.0,2,Low,Collaboration and Teamwork,0.0,0.0,0.0
500100063,0.0,0,1,Less than 1 year,0.0497870683678639,0.009957413673572781,0.0004957504353332708
500100063,0.0,1,2,Less than 1 year,0.0,0.0,0.0
500100063,0.0,2,3,Less than 1 year,0.0,0.0,0.0
500100063,0.0,3,4,Less than 1 year,0.0,0.0,0.0
500100063,0.0,4,5,Less than 1 year,0.0,0.0,0.0
500100063,0.0,5,6,Less than 1 year,0.0,0.0,0.0
500100063,0.0,6,7,Less than 1 year,0.0,0.0,0.0
500100063,0.0,7,8,Less than 1 year,0.0,0.0,0.0
500100063,0.0,8,9,Less than 1 year,0.0,0.0,0.0
500100063,0.0,9,10,More than 10 years,0.0497870683678639,0.009957413673572781,0.0004957504353332709
500100063,1.0,0,Yes,1,0.0,0.0,0.0
500100063,1.0,1,No,1,0.0,0.0,0.0
500100063,1.0,2,Sometimes,1,0.0,0.0,0.0
500100063,2.0,0,Too loud,Always,0.0,0.0,0.0
500100063,2.0,1,Just right,Always,0.0,0.0,0.0
500100063,2.0,2,Too quiet,Always,0.0,0.0,0.0
500100063,3.0,0,Yes,Very comfortable,0.0,0.0,0.0
500100063,3.0,1,No,Very comfortable,0.0,0.0,0.0
500100063,3.0,2,Sometimes,Very comfortable,0.0,0.0,0.0
500100063,4.0,0,1,"Yes, the initiatives were effective",0.0,0.0,0.0
500100063,4.0,1,2,"Yes, the initiatives were effective",0.0,0.0,0.0
500100063,4.0,2,3,"Yes, the initiatives were effective",0.0,0.0,0.0
500100063,4.0,3,4,"Yes, the initiatives were effective",0.0,0.0,0.0
500100063,4.0,4,5,"Yes, the initiatives were effective",0.0,0.0,0.0
500100063,4.0,5,6,"Yes, the initiatives were effective",0.0,0.0,0.0
500100063,4.0,6,7,"Yes, the initiatives were effective",0.0,0.0,0.0
500100063,4.0,7,8,"Yes, the initiatives were effective",0.0,0.0,0.0
500100063,4.0,8,9,"Yes, the initiatives were effective",0.0,0.0,0.0
500100063,4.0,9,10,"Yes, the initiatives were effective",0.0,0.0,0.0
500100064,0.0,0,Excellent,1,0.0,0.0,0.0
500100064,0.0,1,Good,1,0.0,0.0,0.0
500100064,0.0,2,Fair,1,0.0,0.0,0.0
500100064,0.0,3,Poor,1,0.0,0.0,0.0
500100064,1.0,0,Natural light,Yes,0.0,0.0,0.0
500100064,1.0,1,Quiet space,Yes,0.0,0.0,0.0
500100064,1.0,2,Collaborative space,Yes,0.0,0.0,0.0
500100064,1.0,3,Flexible work arrangements,Yes,0.0,0.0,0.0
500100064,1.0,4,Break room or kitchen facilities,Yes,0.0,0.0,0.0
500100064,1.0,5,Other (please specify): __________________,Yes,0.0,0.0,0.0
500100064,2.0,0,Often,Yes,0.0,0.0,0.0
500100064,2.0,1,Sometimes,Yes,0.0,0.0,0.0
500100064,2.0,2,Rarely,Yes,0.0,0.0,0.0
500100064,2.0,3,Never,Yes,0.0,0.0,0.0
500100065,0.0,0,1,"None, I work fully remote",0.0,0.0,0.0
500100065,0.0,1,2,At most 2 days per week,0.0067379469990854,0.00168448674977135,1.1349982440620987e-05
500100065,0.0,2,3,"None, I work fully remote",0.0,0.0,0.0
500100065,0.0,3,4,"None, I work fully remote",0.0,0.0,0.0
500100065,0.0,4,5,"None, I work fully remote",0.0,0.0,0.0
500100065,1.0,0,Yes,Completely agree,0.0,0.0,0.0
500100065,1.0,1,No,Completely agree,0.0,0.0,0.0
500100065,1.0,2,Sometimes,Completely agree,0.0,0.0,0.0
500100065,2.0,0,"Yes, always",Excellent,0.0,0.0,0.0
500100065,2.0,1,"Yes, most of the time",Excellent,0.0,0.0,0.0
500100065,2.0,2,Sometimes,Excellent,0.0,0.0,0.0
500100065,2.0,3,Rarely,Excellent,0.0,0.0,0.0
500100065,2.0,4,"No, never",Excellent,0.0,0.0,0.0
500100065,3.0,0,"Yes, always","Yes, completely",0.1861648705529516,0.06366277477443133,0.007711975653454777
500100065,3.0,1,"Yes, most of the time","Yes, completely",0.089706128899705,0.0448530644498525,0.002682396520723497
500100065,3.0,2,Sometimes,"Yes, completely",0.0,0.0,0.0
500100065,3.0,3,Rarely,"Yes, completely",0.0,0.0,0.0
500100065,3.0,4,"No, never","No, not really",0.1129147017517987,0.0453502325741431,0.0030711729979563825
500100066,0.0,0,Excellent,Executive/Senior Management,0.0,0.0,0.0
500100066,0.0,1,Good,Executive/Senior Management,0.0,0.0,0.0
500100066,0.0,2,Fair,Executive/Senior Management,0.0,0.0,0.0
500100066,0.0,3,Poor,Executive/Senior Management,0.0,0.0,0.0
500100066,0.0,4,Very poor,Executive/Senior Management,0.0,0.0,0.0
500100066,1.0,0,Yes,Less than 1 year,0.0,0.0,0.0
500100066,1.0,1,No,Less than 1 year,0.0,0.0,0.0
500100066,1.0,2,Sometimes,Less than 1 year,0.0,0.0,0.0
500100066,2.0,0,Excellent,Completely agree,0.0,0.0,0.0
500100066,2.0,1,Good,Completely agree,0.0,0.0,0.0
500100066,2.0,2,Fair,Completely agree,0.0,0.0,0.0
500100066,2.0,3,Poor,Completely agree,0.0,0.0,0.0
500100066,2.0,4,Very poor,Completely agree,0.0,0.0,0.0
500100066,4.0,0,Yes,1,0.0,0.0,0.0
500100066,4.0,1,No,1,0.0,0.0,0.0
500100066,4.0,2,Sometimes,1,0.0,0.0,0.0
500100066,5.0,0,Excellent,Yes,0.0,0.0,0.0
500100066,5.0,1,Good,Yes,0.0,0.0,0.0
500100066,5.0,2,Fair,Yes,0.0,0.0,0.0
500100066,5.0,3,Poor,Yes,0.0,0.0,0.0
500100066,5.0,4,Very poor,Yes,0.0,0.0,0.0
