ID,GENERATED,GROUND_TRUTH,R1_PRECISION,R1_RECALL,R1_F1_SCORE,R2_PRECISION,R2_RECALL,R2_F1_SCORE,RL_PRECISION,RL_RECALL,RL_F1_SCORE
0,"On a scale of 1-5, how satisfied are you with your current job?",What is your role in the company?,0.07142857142857142,0.14285714285714285,0.09523809523809523,0.0,0.0,0.0,0.07142857142857142,0.14285714285714285,0.09523809523809523
0,"On a scale of 1-5, how satisfied are you with your current job?",How long have you been with the company?,0.21428571428571427,0.375,0.2727272727272727,0.0,0.0,0.0,0.21428571428571427,0.375,0.2727272727272727
0,"On a scale of 1-5, how satisfied are you with your current job?",How long have you been in your role?,0.21428571428571427,0.375,0.2727272727272727,0.0,0.0,0.0,0.21428571428571427,0.375,0.2727272727272727
0,"On a scale of 1-5, how satisfied are you with your current job?","Overall, how satisfied are you with your job?",0.5,0.875,0.6363636363636364,0.38461538461538464,0.7142857142857143,0.5,0.5,0.875,0.6363636363636364
0,"On a scale of 1-5, how satisfied are you with your current job?",Are you satisfied with your current job role and responsibilities?,0.5,0.7,0.5833333333333334,0.3076923076923077,0.4444444444444444,0.3636363636363637,0.42857142857142855,0.6,0.5
0,"On a scale of 1-5, how satisfied are you with your current job?",How clearly are your job responsibilities and expectations communicated to you?,0.35714285714285715,0.45454545454545453,0.4,0.0,0.0,0.0,0.2857142857142857,0.36363636363636365,0.32
0,"On a scale of 1-5, how satisfied are you with your current job?","Please, rate the level of challenge and interest in your work",0.14285714285714285,0.18181818181818182,0.16,0.0,0.0,0.0,0.14285714285714285,0.18181818181818182,0.16
0,"On a scale of 1-5, how satisfied are you with your current job?","How satisfied are you with the physical work environment (e.g., office space, equipment, facilities)?",0.35714285714285715,0.3333333333333333,0.3448275862068965,0.3076923076923077,0.2857142857142857,0.29629629629629634,0.35714285714285715,0.3333333333333333,0.3448275862068965
0,"On a scale of 1-5, how satisfied are you with your current job?",What is your opinion about the overall work atmosphere and culture?,0.07142857142857142,0.09090909090909091,0.08,0.0,0.0,0.0,0.07142857142857142,0.09090909090909091,0.08
0,"On a scale of 1-5, how satisfied are you with your current job?",Do you feel well when you get along with your colleagues?,0.21428571428571427,0.2727272727272727,0.23999999999999996,0.07692307692307693,0.1,0.08695652173913043,0.21428571428571427,0.2727272727272727,0.23999999999999996
0,"On a scale of 1-5, how satisfied are you with your current job?",I am satisfied with the support and guidance received from my immediate manager,0.14285714285714285,0.15384615384615385,0.14814814814814817,0.0,0.0,0.0,0.14285714285714285,0.15384615384615385,0.14814814814814817
0,"On a scale of 1-5, how satisfied are you with your current job?",Do you receive constructive feedback on your performance?,0.21428571428571427,0.375,0.2727272727272727,0.0,0.0,0.0,0.14285714285714285,0.25,0.18181818181818182
0,"On a scale of 1-5, how satisfied are you with your current job?","How satisfied are you with your compensation (salary, bonuses)?",0.42857142857142855,0.6666666666666666,0.5217391304347826,0.38461538461538464,0.625,0.4761904761904762,0.42857142857142855,0.6666666666666666,0.5217391304347826
0,"On a scale of 1-5, how satisfied are you with your current job?","Please, rate you satisfaction level with the benefits provided by the company (e.g., health insurance, retirement plans, leave policies)",0.14285714285714285,0.1,0.11764705882352941,0.0,0.0,0.0,0.14285714285714285,0.1,0.11764705882352941
0,"On a scale of 1-5, how satisfied are you with your current job?","In your opinion, are there enough opportunities for career advancement within the company?",0.14285714285714285,0.15384615384615385,0.14814814814814817,0.0,0.0,0.0,0.07142857142857142,0.07692307692307693,0.07407407407407408
0,"On a scale of 1-5, how satisfied are you with your current job?",How likely are you to recommend this company as a good place to work?,0.2857142857142857,0.2857142857142857,0.2857142857142857,0.07692307692307693,0.07692307692307693,0.07692307692307693,0.21428571428571427,0.21428571428571427,0.21428571428571427
0,"On a scale of 1-5, how satisfied are you with your current job?",Do you have any additional comments or suggestions to improve job satisfaction?,0.14285714285714285,0.16666666666666666,0.15384615384615383,0.0,0.0,0.0,0.14285714285714285,0.16666666666666666,0.15384615384615383
1,What motivates you to come to work every day?,What is your role in the company?,0.1111111111111111,0.14285714285714285,0.125,0.0,0.0,0.0,0.1111111111111111,0.14285714285714285,0.125
1,What motivates you to come to work every day?,How long have you been with the company?,0.1111111111111111,0.125,0.11764705882352941,0.0,0.0,0.0,0.1111111111111111,0.125,0.11764705882352941
1,What motivates you to come to work every day?,How long have you been in your role?,0.1111111111111111,0.125,0.11764705882352941,0.0,0.0,0.0,0.1111111111111111,0.125,0.11764705882352941
1,What motivates you to come to work every day?,"Overall, how satisfied are you with your job?",0.1111111111111111,0.125,0.11764705882352941,0.0,0.0,0.0,0.1111111111111111,0.125,0.11764705882352941
1,What motivates you to come to work every day?,Are you satisfied with your current job role and responsibilities?,0.1111111111111111,0.1,0.10526315789473685,0.0,0.0,0.0,0.1111111111111111,0.1,0.10526315789473685
1,What motivates you to come to work every day?,How clearly are your job responsibilities and expectations communicated to you?,0.2222222222222222,0.18181818181818182,0.19999999999999998,0.0,0.0,0.0,0.1111111111111111,0.09090909090909091,0.09999999999999999
1,What motivates you to come to work every day?,"Please, rate the level of challenge and interest in your work",0.1111111111111111,0.09090909090909091,0.09999999999999999,0.0,0.0,0.0,0.1111111111111111,0.09090909090909091,0.09999999999999999
1,What motivates you to come to work every day?,"How satisfied are you with the physical work environment (e.g., office space, equipment, facilities)?",0.2222222222222222,0.13333333333333333,0.16666666666666669,0.0,0.0,0.0,0.2222222222222222,0.13333333333333333,0.16666666666666669
1,What motivates you to come to work every day?,What is your opinion about the overall work atmosphere and culture?,0.2222222222222222,0.18181818181818182,0.19999999999999998,0.0,0.0,0.0,0.2222222222222222,0.18181818181818182,0.19999999999999998
1,What motivates you to come to work every day?,Do you feel well when you get along with your colleagues?,0.1111111111111111,0.09090909090909091,0.09999999999999999,0.0,0.0,0.0,0.1111111111111111,0.09090909090909091,0.09999999999999999
1,What motivates you to come to work every day?,I am satisfied with the support and guidance received from my immediate manager,0.0,0.0,0.0,0.0,0.0,0.0,0.0,0.0,0.0
1,What motivates you to come to work every day?,Do you receive constructive feedback on your performance?,0.1111111111111111,0.125,0.11764705882352941,0.0,0.0,0.0,0.1111111111111111,0.125,0.11764705882352941
1,What motivates you to come to work every day?,"How satisfied are you with your compensation (salary, bonuses)?",0.1111111111111111,0.1111111111111111,0.1111111111111111,0.0,0.0,0.0,0.1111111111111111,0.1111111111111111,0.1111111111111111
1,What motivates you to come to work every day?,"Please, rate you satisfaction level with the benefits provided by the company (e.g., health insurance, retirement plans, leave policies)",0.1111111111111111,0.05,0.06896551724137932,0.0,0.0,0.0,0.1111111111111111,0.05,0.06896551724137932
1,What motivates you to come to work every day?,"In your opinion, are there enough opportunities for career advancement within the company?",0.0,0.0,0.0,0.0,0.0,0.0,0.0,0.0,0.0
1,What motivates you to come to work every day?,How likely are you to recommend this company as a good place to work?,0.4444444444444444,0.2857142857142857,0.34782608695652173,0.25,0.15384615384615385,0.1904761904761905,0.4444444444444444,0.2857142857142857,0.34782608695652173
1,What motivates you to come to work every day?,Do you have any additional comments or suggestions to improve job satisfaction?,0.2222222222222222,0.16666666666666666,0.1904761904761905,0.0,0.0,0.0,0.2222222222222222,0.16666666666666666,0.1904761904761905
2,How would you rate your overall job satisfaction?,What is your role in the company?,0.125,0.14285714285714285,0.13333333333333333,0.0,0.0,0.0,0.125,0.14285714285714285,0.13333333333333333
2,How would you rate your overall job satisfaction?,How long have you been with the company?,0.25,0.25,0.25,0.0,0.0,0.0,0.25,0.25,0.25
2,How would you rate your overall job satisfaction?,How long have you been in your role?,0.375,0.375,0.375,0.0,0.0,0.0,0.375,0.375,0.375
2,How would you rate your overall job satisfaction?,"Overall, how satisfied are you with your job?",0.625,0.625,0.625,0.0,0.0,0.0,0.5,0.5,0.5
2,How would you rate your overall job satisfaction?,Are you satisfied with your current job role and responsibilities?,0.375,0.3,0.33333333333333326,0.0,0.0,0.0,0.375,0.3,0.33333333333333326
2,How would you rate your overall job satisfaction?,How clearly are your job responsibilities and expectations communicated to you?,0.5,0.36363636363636365,0.4210526315789474,0.0,0.0,0.0,0.375,0.2727272727272727,0.3157894736842105
2,How would you rate your overall job satisfaction?,"Please, rate the level of challenge and interest in your work",0.25,0.18181818181818182,0.2105263157894737,0.0,0.0,0.0,0.25,0.18181818181818182,0.2105263157894737
2,How would you rate your overall job satisfaction?,"How satisfied are you with the physical work environment (e.g., office space, equipment, facilities)?",0.25,0.13333333333333333,0.1739130434782609,0.0,0.0,0.0,0.25,0.13333333333333333,0.1739130434782609
2,How would you rate your overall job satisfaction?,What is your opinion about the overall work atmosphere and culture?,0.25,0.18181818181818182,0.2105263157894737,0.0,0.0,0.0,0.25,0.18181818181818182,0.2105263157894737
2,How would you rate your overall job satisfaction?,Do you feel well when you get along with your colleagues?,0.25,0.18181818181818182,0.2105263157894737,0.0,0.0,0.0,0.25,0.18181818181818182,0.2105263157894737
2,How would you rate your overall job satisfaction?,I am satisfied with the support and guidance received from my immediate manager,0.0,0.0,0.0,0.0,0.0,0.0,0.0,0.0,0.0
2,How would you rate your overall job satisfaction?,Do you receive constructive feedback on your performance?,0.25,0.25,0.25,0.0,0.0,0.0,0.25,0.25,0.25
2,How would you rate your overall job satisfaction?,"How satisfied are you with your compensation (salary, bonuses)?",0.375,0.3333333333333333,0.35294117647058826,0.0,0.0,0.0,0.375,0.3333333333333333,0.35294117647058826
2,How would you rate your overall job satisfaction?,"Please, rate you satisfaction level with the benefits provided by the company (e.g., health insurance, retirement plans, leave policies)",0.375,0.15,0.21428571428571425,0.0,0.0,0.0,0.25,0.1,0.14285714285714288
2,How would you rate your overall job satisfaction?,"In your opinion, are there enough opportunities for career advancement within the company?",0.125,0.07692307692307693,0.09523809523809525,0.0,0.0,0.0,0.125,0.07692307692307693,0.09523809523809525
2,How would you rate your overall job satisfaction?,How likely are you to recommend this company as a good place to work?,0.25,0.14285714285714285,0.18181818181818182,0.0,0.0,0.0,0.25,0.14285714285714285,0.18181818181818182
2,How would you rate your overall job satisfaction?,Do you have any additional comments or suggestions to improve job satisfaction?,0.375,0.25,0.3,0.14285714285714285,0.09090909090909091,0.1111111111111111,0.375,0.25,0.3
3,What are the most important factors that contribute to your job satisfaction?,What is your role in the company?,0.25,0.42857142857142855,0.3157894736842105,0.0,0.0,0.0,0.16666666666666666,0.2857142857142857,0.2105263157894737
3,What are the most important factors that contribute to your job satisfaction?,How long have you been with the company?,0.08333333333333333,0.125,0.1,0.0,0.0,0.0,0.08333333333333333,0.125,0.1
3,What are the most important factors that contribute to your job satisfaction?,How long have you been in your role?,0.08333333333333333,0.125,0.1,0.0,0.0,0.0,0.08333333333333333,0.125,0.1
3,What are the most important factors that contribute to your job satisfaction?,"Overall, how satisfied are you with your job?",0.25,0.375,0.3,0.09090909090909091,0.14285714285714285,0.1111111111111111,0.25,0.375,0.3
3,What are the most important factors that contribute to your job satisfaction?,Are you satisfied with your current job role and responsibilities?,0.25,0.3,0.2727272727272727,0.0,0.0,0.0,0.25,0.3,0.2727272727272727
3,What are the most important factors that contribute to your job satisfaction?,How clearly are your job responsibilities and expectations communicated to you?,0.3333333333333333,0.36363636363636365,0.34782608695652173,0.09090909090909091,0.1,0.09523809523809525,0.25,0.2727272727272727,0.2608695652173913
3,What are the most important factors that contribute to your job satisfaction?,"Please, rate the level of challenge and interest in your work",0.16666666666666666,0.18181818181818182,0.17391304347826086,0.0,0.0,0.0,0.16666666666666666,0.18181818181818182,0.17391304347826086
3,What are the most important factors that contribute to your job satisfaction?,"How satisfied are you with the physical work environment (e.g., office space, equipment, facilities)?",0.16666666666666666,0.13333333333333333,0.14814814814814814,0.0,0.0,0.0,0.16666666666666666,0.13333333333333333,0.14814814814814814
3,What are the most important factors that contribute to your job satisfaction?,What is your opinion about the overall work atmosphere and culture?,0.25,0.2727272727272727,0.2608695652173913,0.0,0.0,0.0,0.16666666666666666,0.18181818181818182,0.17391304347826086
3,What are the most important factors that contribute to your job satisfaction?,Do you feel well when you get along with your colleagues?,0.08333333333333333,0.09090909090909091,0.08695652173913043,0.0,0.0,0.0,0.08333333333333333,0.09090909090909091,0.08695652173913043
3,What are the most important factors that contribute to your job satisfaction?,I am satisfied with the support and guidance received from my immediate manager,0.08333333333333333,0.07692307692307693,0.08,0.0,0.0,0.0,0.08333333333333333,0.07692307692307693,0.08
3,What are the most important factors that contribute to your job satisfaction?,Do you receive constructive feedback on your performance?,0.08333333333333333,0.125,0.1,0.0,0.0,0.0,0.08333333333333333,0.125,0.1
3,What are the most important factors that contribute to your job satisfaction?,"How satisfied are you with your compensation (salary, bonuses)?",0.16666666666666666,0.2222222222222222,0.1904761904761905,0.0,0.0,0.0,0.16666666666666666,0.2222222222222222,0.1904761904761905
3,What are the most important factors that contribute to your job satisfaction?,"Please, rate you satisfaction level with the benefits provided by the company (e.g., health insurance, retirement plans, leave policies)",0.16666666666666666,0.1,0.125,0.0,0.0,0.0,0.08333333333333333,0.05,0.0625
3,What are the most important factors that contribute to your job satisfaction?,"In your opinion, are there enough opportunities for career advancement within the company?",0.25,0.23076923076923078,0.24000000000000002,0.0,0.0,0.0,0.16666666666666666,0.15384615384615385,0.16
3,What are the most important factors that contribute to your job satisfaction?,How likely are you to recommend this company as a good place to work?,0.16666666666666666,0.14285714285714285,0.15384615384615383,0.0,0.0,0.0,0.16666666666666666,0.14285714285714285,0.15384615384615383
3,What are the most important factors that contribute to your job satisfaction?,Do you have any additional comments or suggestions to improve job satisfaction?,0.25,0.25,0.25,0.09090909090909091,0.09090909090909091,0.09090909090909091,0.25,0.25,0.25
4,How would you rate the level of autonomy you have in your job?,What is your role in the company?,0.23076923076923078,0.42857142857142855,0.3,0.0,0.0,0.0,0.07692307692307693,0.14285714285714285,0.1
4,How would you rate the level of autonomy you have in your job?,How long have you been with the company?,0.3076923076923077,0.5,0.380952380952381,0.0,0.0,0.0,0.23076923076923078,0.375,0.2857142857142857
4,How would you rate the level of autonomy you have in your job?,How long have you been in your role?,0.38461538461538464,0.625,0.4761904761904762,0.08333333333333333,0.14285714285714285,0.10526315789473685,0.3076923076923077,0.5,0.380952380952381
4,How would you rate the level of autonomy you have in your job?,"Overall, how satisfied are you with your job?",0.3076923076923077,0.5,0.380952380952381,0.08333333333333333,0.14285714285714285,0.10526315789473685,0.3076923076923077,0.5,0.380952380952381
4,How would you rate the level of autonomy you have in your job?,Are you satisfied with your current job role and responsibilities?,0.23076923076923078,0.3,0.2608695652173913,0.0,0.0,0.0,0.23076923076923078,0.3,0.2608695652173913
4,How would you rate the level of autonomy you have in your job?,How clearly are your job responsibilities and expectations communicated to you?,0.3076923076923077,0.36363636363636365,0.33333333333333337,0.08333333333333333,0.1,0.0909090909090909,0.23076923076923078,0.2727272727272727,0.24999999999999994
4,How would you rate the level of autonomy you have in your job?,"Please, rate the level of challenge and interest in your work",0.46153846153846156,0.5454545454545454,0.4999999999999999,0.3333333333333333,0.4,0.3636363636363636,0.46153846153846156,0.5454545454545454,0.4999999999999999
4,How would you rate the level of autonomy you have in your job?,"How satisfied are you with the physical work environment (e.g., office space, equipment, facilities)?",0.23076923076923078,0.2,0.21428571428571427,0.0,0.0,0.0,0.23076923076923078,0.2,0.21428571428571427
4,How would you rate the level of autonomy you have in your job?,What is your opinion about the overall work atmosphere and culture?,0.15384615384615385,0.18181818181818182,0.16666666666666669,0.0,0.0,0.0,0.07692307692307693,0.09090909090909091,0.08333333333333334
4,How would you rate the level of autonomy you have in your job?,Do you feel well when you get along with your colleagues?,0.23076923076923078,0.2727272727272727,0.24999999999999994,0.0,0.0,0.0,0.23076923076923078,0.2727272727272727,0.24999999999999994
4,How would you rate the level of autonomy you have in your job?,I am satisfied with the support and guidance received from my immediate manager,0.07692307692307693,0.07692307692307693,0.07692307692307693,0.0,0.0,0.0,0.07692307692307693,0.07692307692307693,0.07692307692307693
4,How would you rate the level of autonomy you have in your job?,Do you receive constructive feedback on your performance?,0.15384615384615385,0.25,0.1904761904761905,0.0,0.0,0.0,0.15384615384615385,0.25,0.1904761904761905
4,How would you rate the level of autonomy you have in your job?,"How satisfied are you with your compensation (salary, bonuses)?",0.23076923076923078,0.3333333333333333,0.27272727272727276,0.0,0.0,0.0,0.23076923076923078,0.3333333333333333,0.27272727272727276
4,How would you rate the level of autonomy you have in your job?,"Please, rate you satisfaction level with the benefits provided by the company (e.g., health insurance, retirement plans, leave policies)",0.3076923076923077,0.2,0.24242424242424246,0.0,0.0,0.0,0.15384615384615385,0.1,0.12121212121212123
4,How would you rate the level of autonomy you have in your job?,"In your opinion, are there enough opportunities for career advancement within the company?",0.23076923076923078,0.23076923076923078,0.23076923076923078,0.08333333333333333,0.08333333333333333,0.08333333333333333,0.15384615384615385,0.15384615384615385,0.15384615384615385
4,How would you rate the level of autonomy you have in your job?,How likely are you to recommend this company as a good place to work?,0.15384615384615385,0.14285714285714285,0.14814814814814817,0.0,0.0,0.0,0.15384615384615385,0.14285714285714285,0.14814814814814817
4,How would you rate the level of autonomy you have in your job?,Do you have any additional comments or suggestions to improve job satisfaction?,0.23076923076923078,0.25,0.24000000000000002,0.08333333333333333,0.09090909090909091,0.08695652173913043,0.23076923076923078,0.25,0.24000000000000002
5,What are the biggest challenges you face in your job?,What is your role in the company?,0.4,0.5714285714285714,0.47058823529411764,0.0,0.0,0.0,0.2,0.2857142857142857,0.23529411764705882
5,What are the biggest challenges you face in your job?,How long have you been with the company?,0.2,0.25,0.22222222222222224,0.0,0.0,0.0,0.1,0.125,0.11111111111111112
5,What are the biggest challenges you face in your job?,How long have you been in your role?,0.3,0.375,0.33333333333333326,0.1111111111111111,0.14285714285714285,0.125,0.3,0.375,0.33333333333333326
5,What are the biggest challenges you face in your job?,"Overall, how satisfied are you with your job?",0.4,0.5,0.4444444444444445,0.1111111111111111,0.14285714285714285,0.125,0.4,0.5,0.4444444444444445
5,What are the biggest challenges you face in your job?,Are you satisfied with your current job role and responsibilities?,0.4,0.4,0.4000000000000001,0.0,0.0,0.0,0.4,0.4,0.4000000000000001
5,What are the biggest challenges you face in your job?,How clearly are your job responsibilities and expectations communicated to you?,0.4,0.36363636363636365,0.380952380952381,0.1111111111111111,0.1,0.10526315789473685,0.3,0.2727272727272727,0.28571428571428564
5,What are the biggest challenges you face in your job?,"Please, rate the level of challenge and interest in your work",0.4,0.36363636363636365,0.380952380952381,0.1111111111111111,0.1,0.10526315789473685,0.4,0.36363636363636365,0.380952380952381
5,What are the biggest challenges you face in your job?,"How satisfied are you with the physical work environment (e.g., office space, equipment, facilities)?",0.3,0.2,0.24,0.0,0.0,0.0,0.2,0.13333333333333333,0.16
5,What are the biggest challenges you face in your job?,What is your opinion about the overall work atmosphere and culture?,0.3,0.2727272727272727,0.28571428571428564,0.0,0.0,0.0,0.2,0.18181818181818182,0.1904761904761905
5,What are the biggest challenges you face in your job?,Do you feel well when you get along with your colleagues?,0.2,0.18181818181818182,0.1904761904761905,0.0,0.0,0.0,0.2,0.18181818181818182,0.1904761904761905
5,What are the biggest challenges you face in your job?,I am satisfied with the support and guidance received from my immediate manager,0.1,0.07692307692307693,0.08695652173913043,0.0,0.0,0.0,0.1,0.07692307692307693,0.08695652173913043
5,What are the biggest challenges you face in your job?,Do you receive constructive feedback on your performance?,0.2,0.25,0.22222222222222224,0.0,0.0,0.0,0.2,0.25,0.22222222222222224
5,What are the biggest challenges you face in your job?,"How satisfied are you with your compensation (salary, bonuses)?",0.3,0.3333333333333333,0.3157894736842105,0.0,0.0,0.0,0.3,0.3333333333333333,0.3157894736842105
5,What are the biggest challenges you face in your job?,"Please, rate you satisfaction level with the benefits provided by the company (e.g., health insurance, retirement plans, leave policies)",0.2,0.1,0.13333333333333333,0.0,0.0,0.0,0.1,0.05,0.06666666666666667
5,What are the biggest challenges you face in your job?,"In your opinion, are there enough opportunities for career advancement within the company?",0.4,0.3076923076923077,0.34782608695652173,0.1111111111111111,0.08333333333333333,0.09523809523809525,0.2,0.15384615384615385,0.17391304347826086
5,What are the biggest challenges you face in your job?,How likely are you to recommend this company as a good place to work?,0.2,0.14285714285714285,0.16666666666666666,0.0,0.0,0.0,0.2,0.14285714285714285,0.16666666666666666
5,What are the biggest challenges you face in your job?,Do you have any additional comments or suggestions to improve job satisfaction?,0.2,0.16666666666666666,0.1818181818181818,0.0,0.0,0.0,0.2,0.16666666666666666,0.1818181818181818
6,How would you rate the level of support you receive from your manager?,What is your role in the company?,0.15384615384615385,0.2857142857142857,0.2,0.0,0.0,0.0,0.07692307692307693,0.14285714285714285,0.1
6,How would you rate the level of support you receive from your manager?,How long have you been with the company?,0.23076923076923078,0.375,0.2857142857142857,0.0,0.0,0.0,0.23076923076923078,0.375,0.2857142857142857
6,How would you rate the level of support you receive from your manager?,How long have you been in your role?,0.23076923076923078,0.375,0.2857142857142857,0.0,0.0,0.0,0.23076923076923078,0.375,0.2857142857142857
6,How would you rate the level of support you receive from your manager?,"Overall, how satisfied are you with your job?",0.23076923076923078,0.375,0.2857142857142857,0.0,0.0,0.0,0.23076923076923078,0.375,0.2857142857142857
6,How would you rate the level of support you receive from your manager?,Are you satisfied with your current job role and responsibilities?,0.15384615384615385,0.2,0.17391304347826086,0.0,0.0,0.0,0.15384615384615385,0.2,0.17391304347826086
6,How would you rate the level of support you receive from your manager?,How clearly are your job responsibilities and expectations communicated to you?,0.23076923076923078,0.2727272727272727,0.24999999999999994,0.0,0.0,0.0,0.15384615384615385,0.18181818181818182,0.16666666666666669
6,How would you rate the level of support you receive from your manager?,"Please, rate the level of challenge and interest in your work",0.38461538461538464,0.45454545454545453,0.41666666666666663,0.25,0.3,0.2727272727272727,0.38461538461538464,0.45454545454545453,0.41666666666666663
6,How would you rate the level of support you receive from your manager?,"How satisfied are you with the physical work environment (e.g., office space, equipment, facilities)?",0.23076923076923078,0.2,0.21428571428571427,0.0,0.0,0.0,0.23076923076923078,0.2,0.21428571428571427
6,How would you rate the level of support you receive from your manager?,What is your opinion about the overall work atmosphere and culture?,0.15384615384615385,0.18181818181818182,0.16666666666666669,0.0,0.0,0.0,0.07692307692307693,0.09090909090909091,0.08333333333333334
6,How would you rate the level of support you receive from your manager?,Do you feel well when you get along with your colleagues?,0.23076923076923078,0.2727272727272727,0.24999999999999994,0.0,0.0,0.0,0.23076923076923078,0.2727272727272727,0.24999999999999994
6,How would you rate the level of support you receive from your manager?,I am satisfied with the support and guidance received from my immediate manager,0.38461538461538464,0.38461538461538464,0.38461538461538464,0.08333333333333333,0.08333333333333333,0.08333333333333333,0.38461538461538464,0.38461538461538464,0.38461538461538464
6,How would you rate the level of support you receive from your manager?,Do you receive constructive feedback on your performance?,0.23076923076923078,0.375,0.2857142857142857,0.08333333333333333,0.14285714285714285,0.10526315789473685,0.23076923076923078,0.375,0.2857142857142857
6,How would you rate the level of support you receive from your manager?,"How satisfied are you with your compensation (salary, bonuses)?",0.23076923076923078,0.3333333333333333,0.27272727272727276,0.0,0.0,0.0,0.23076923076923078,0.3333333333333333,0.27272727272727276
6,How would you rate the level of support you receive from your manager?,"Please, rate you satisfaction level with the benefits provided by the company (e.g., health insurance, retirement plans, leave policies)",0.3076923076923077,0.2,0.24242424242424246,0.0,0.0,0.0,0.15384615384615385,0.1,0.12121212121212123
6,How would you rate the level of support you receive from your manager?,"In your opinion, are there enough opportunities for career advancement within the company?",0.15384615384615385,0.15384615384615385,0.15384615384615385,0.0,0.0,0.0,0.07692307692307693,0.07692307692307693,0.07692307692307693
6,How would you rate the level of support you receive from your manager?,How likely are you to recommend this company as a good place to work?,0.15384615384615385,0.14285714285714285,0.14814814814814817,0.0,0.0,0.0,0.15384615384615385,0.14285714285714285,0.14814814814814817
6,How would you rate the level of support you receive from your manager?,Do you have any additional comments or suggestions to improve job satisfaction?,0.07692307692307693,0.08333333333333333,0.08,0.0,0.0,0.0,0.07692307692307693,0.08333333333333333,0.08
7,What are the most important skills or qualities you look for in a manager?,What is your role in the company?,0.21428571428571427,0.42857142857142855,0.2857142857142857,0.0,0.0,0.0,0.14285714285714285,0.2857142857142857,0.19047619047619047
7,What are the most important skills or qualities you look for in a manager?,How long have you been with the company?,0.14285714285714285,0.25,0.18181818181818182,0.0,0.0,0.0,0.07142857142857142,0.125,0.09090909090909091
7,What are the most important skills or qualities you look for in a manager?,How long have you been in your role?,0.14285714285714285,0.25,0.18181818181818182,0.0,0.0,0.0,0.14285714285714285,0.25,0.18181818181818182
7,What are the most important skills or qualities you look for in a manager?,"Overall, how satisfied are you with your job?",0.14285714285714285,0.25,0.18181818181818182,0.0,0.0,0.0,0.14285714285714285,0.25,0.18181818181818182
7,What are the most important skills or qualities you look for in a manager?,Are you satisfied with your current job role and responsibilities?,0.14285714285714285,0.2,0.16666666666666666,0.0,0.0,0.0,0.14285714285714285,0.2,0.16666666666666666
7,What are the most important skills or qualities you look for in a manager?,How clearly are your job responsibilities and expectations communicated to you?,0.14285714285714285,0.18181818181818182,0.16,0.0,0.0,0.0,0.14285714285714285,0.18181818181818182,0.16
7,What are the most important skills or qualities you look for in a manager?,"Please, rate the level of challenge and interest in your work",0.14285714285714285,0.18181818181818182,0.16,0.0,0.0,0.0,0.14285714285714285,0.18181818181818182,0.16
7,What are the most important skills or qualities you look for in a manager?,"How satisfied are you with the physical work environment (e.g., office space, equipment, facilities)?",0.21428571428571427,0.2,0.20689655172413796,0.0,0.0,0.0,0.14285714285714285,0.13333333333333333,0.1379310344827586
7,What are the most important skills or qualities you look for in a manager?,What is your opinion about the overall work atmosphere and culture?,0.14285714285714285,0.18181818181818182,0.16,0.0,0.0,0.0,0.14285714285714285,0.18181818181818182,0.16
7,What are the most important skills or qualities you look for in a manager?,Do you feel well when you get along with your colleagues?,0.07142857142857142,0.09090909090909091,0.08,0.0,0.0,0.0,0.07142857142857142,0.09090909090909091,0.08
7,What are the most important skills or qualities you look for in a manager?,I am satisfied with the support and guidance received from my immediate manager,0.14285714285714285,0.15384615384615385,0.14814814814814817,0.0,0.0,0.0,0.14285714285714285,0.15384615384615385,0.14814814814814817
7,What are the most important skills or qualities you look for in a manager?,Do you receive constructive feedback on your performance?,0.07142857142857142,0.125,0.09090909090909091,0.0,0.0,0.0,0.07142857142857142,0.125,0.09090909090909091
7,What are the most important skills or qualities you look for in a manager?,"How satisfied are you with your compensation (salary, bonuses)?",0.14285714285714285,0.2222222222222222,0.17391304347826086,0.0,0.0,0.0,0.14285714285714285,0.2222222222222222,0.17391304347826086
7,What are the most important skills or qualities you look for in a manager?,"Please, rate you satisfaction level with the benefits provided by the company (e.g., health insurance, retirement plans, leave policies)",0.14285714285714285,0.1,0.11764705882352941,0.0,0.0,0.0,0.07142857142857142,0.05,0.058823529411764705
7,What are the most important skills or qualities you look for in a manager?,"In your opinion, are there enough opportunities for career advancement within the company?",0.2857142857142857,0.3076923076923077,0.29629629629629634,0.0,0.0,0.0,0.14285714285714285,0.15384615384615385,0.14814814814814817
7,What are the most important skills or qualities you look for in a manager?,How likely are you to recommend this company as a good place to work?,0.21428571428571427,0.21428571428571427,0.21428571428571427,0.0,0.0,0.0,0.21428571428571427,0.21428571428571427,0.21428571428571427
7,What are the most important skills or qualities you look for in a manager?,Do you have any additional comments or suggestions to improve job satisfaction?,0.14285714285714285,0.16666666666666666,0.15384615384615383,0.0,0.0,0.0,0.07142857142857142,0.08333333333333333,0.07692307692307691
8,How would you rate the level of recognition and rewards you receive for your work?,What is your role in the company?,0.13333333333333333,0.2857142857142857,0.18181818181818182,0.0,0.0,0.0,0.06666666666666667,0.14285714285714285,0.09090909090909091
8,How would you rate the level of recognition and rewards you receive for your work?,How long have you been with the company?,0.2,0.375,0.26086956521739135,0.0,0.0,0.0,0.2,0.375,0.26086956521739135
8,How would you rate the level of recognition and rewards you receive for your work?,How long have you been in your role?,0.2,0.375,0.26086956521739135,0.0,0.0,0.0,0.2,0.375,0.26086956521739135
8,How would you rate the level of recognition and rewards you receive for your work?,"Overall, how satisfied are you with your job?",0.2,0.375,0.26086956521739135,0.0,0.0,0.0,0.2,0.375,0.26086956521739135
8,How would you rate the level of recognition and rewards you receive for your work?,Are you satisfied with your current job role and responsibilities?,0.2,0.3,0.24,0.0,0.0,0.0,0.13333333333333333,0.2,0.16
8,How would you rate the level of recognition and rewards you receive for your work?,How clearly are your job responsibilities and expectations communicated to you?,0.26666666666666666,0.36363636363636365,0.30769230769230765,0.0,0.0,0.0,0.2,0.2727272727272727,0.23076923076923075
8,How would you rate the level of recognition and rewards you receive for your work?,"Please, rate the level of challenge and interest in your work",0.4666666666666667,0.6363636363636364,0.5384615384615385,0.2857142857142857,0.4,0.3333333333333333,0.4666666666666667,0.6363636363636364,0.5384615384615385
8,How would you rate the level of recognition and rewards you receive for your work?,"How satisfied are you with the physical work environment (e.g., office space, equipment, facilities)?",0.26666666666666666,0.26666666666666666,0.26666666666666666,0.0,0.0,0.0,0.26666666666666666,0.26666666666666666,0.26666666666666666
8,How would you rate the level of recognition and rewards you receive for your work?,What is your opinion about the overall work atmosphere and culture?,0.26666666666666666,0.36363636363636365,0.30769230769230765,0.0,0.0,0.0,0.13333333333333333,0.18181818181818182,0.15384615384615383
8,How would you rate the level of recognition and rewards you receive for your work?,Do you feel well when you get along with your colleagues?,0.2,0.2727272727272727,0.23076923076923075,0.0,0.0,0.0,0.2,0.2727272727272727,0.23076923076923075
8,How would you rate the level of recognition and rewards you receive for your work?,I am satisfied with the support and guidance received from my immediate manager,0.2,0.23076923076923078,0.21428571428571427,0.0,0.0,0.0,0.2,0.23076923076923078,0.21428571428571427
8,How would you rate the level of recognition and rewards you receive for your work?,Do you receive constructive feedback on your performance?,0.2,0.375,0.26086956521739135,0.07142857142857142,0.14285714285714285,0.09523809523809523,0.2,0.375,0.26086956521739135
8,How would you rate the level of recognition and rewards you receive for your work?,"How satisfied are you with your compensation (salary, bonuses)?",0.2,0.3333333333333333,0.25,0.0,0.0,0.0,0.2,0.3333333333333333,0.25
8,How would you rate the level of recognition and rewards you receive for your work?,"Please, rate you satisfaction level with the benefits provided by the company (e.g., health insurance, retirement plans, leave policies)",0.26666666666666666,0.2,0.2285714285714286,0.0,0.0,0.0,0.13333333333333333,0.1,0.1142857142857143
8,How would you rate the level of recognition and rewards you receive for your work?,"In your opinion, are there enough opportunities for career advancement within the company?",0.2,0.23076923076923078,0.21428571428571427,0.0,0.0,0.0,0.06666666666666667,0.07692307692307693,0.07142857142857144
8,How would you rate the level of recognition and rewards you receive for your work?,How likely are you to recommend this company as a good place to work?,0.2,0.21428571428571427,0.20689655172413796,0.0,0.0,0.0,0.2,0.21428571428571427,0.20689655172413796
8,How would you rate the level of recognition and rewards you receive for your work?,Do you have any additional comments or suggestions to improve job satisfaction?,0.06666666666666667,0.08333333333333333,0.07407407407407407,0.0,0.0,0.0,0.06666666666666667,0.08333333333333333,0.07407407407407407
9,What are the biggest opportunities for growth and development in your job?,What is your role in the company?,0.3333333333333333,0.5714285714285714,0.4210526315789474,0.0,0.0,0.0,0.16666666666666666,0.2857142857142857,0.2105263157894737
9,What are the biggest opportunities for growth and development in your job?,How long have you been with the company?,0.08333333333333333,0.125,0.1,0.0,0.0,0.0,0.08333333333333333,0.125,0.1
9,What are the biggest opportunities for growth and development in your job?,How long have you been in your role?,0.16666666666666666,0.25,0.2,0.09090909090909091,0.14285714285714285,0.1111111111111111,0.16666666666666666,0.25,0.2
9,What are the biggest opportunities for growth and development in your job?,"Overall, how satisfied are you with your job?",0.25,0.375,0.3,0.09090909090909091,0.14285714285714285,0.1111111111111111,0.25,0.375,0.3
9,What are the biggest opportunities for growth and development in your job?,Are you satisfied with your current job role and responsibilities?,0.3333333333333333,0.4,0.3636363636363636,0.0,0.0,0.0,0.25,0.3,0.2727272727272727
9,What are the biggest opportunities for growth and development in your job?,How clearly are your job responsibilities and expectations communicated to you?,0.3333333333333333,0.36363636363636365,0.34782608695652173,0.09090909090909091,0.1,0.09523809523809525,0.25,0.2727272727272727,0.2608695652173913
9,What are the biggest opportunities for growth and development in your job?,"Please, rate the level of challenge and interest in your work",0.3333333333333333,0.36363636363636365,0.34782608695652173,0.09090909090909091,0.1,0.09523809523809525,0.3333333333333333,0.36363636363636365,0.34782608695652173
9,What are the biggest opportunities for growth and development in your job?,"How satisfied are you with the physical work environment (e.g., office space, equipment, facilities)?",0.16666666666666666,0.13333333333333333,0.14814814814814814,0.0,0.0,0.0,0.16666666666666666,0.13333333333333333,0.14814814814814814
9,What are the biggest opportunities for growth and development in your job?,What is your opinion about the overall work atmosphere and culture?,0.3333333333333333,0.36363636363636365,0.34782608695652173,0.0,0.0,0.0,0.25,0.2727272727272727,0.2608695652173913
9,What are the biggest opportunities for growth and development in your job?,Do you feel well when you get along with your colleagues?,0.08333333333333333,0.09090909090909091,0.08695652173913043,0.0,0.0,0.0,0.08333333333333333,0.09090909090909091,0.08695652173913043
9,What are the biggest opportunities for growth and development in your job?,I am satisfied with the support and guidance received from my immediate manager,0.16666666666666666,0.15384615384615385,0.16,0.0,0.0,0.0,0.16666666666666666,0.15384615384615385,0.16
9,What are the biggest opportunities for growth and development in your job?,Do you receive constructive feedback on your performance?,0.08333333333333333,0.125,0.1,0.0,0.0,0.0,0.08333333333333333,0.125,0.1
9,What are the biggest opportunities for growth and development in your job?,"How satisfied are you with your compensation (salary, bonuses)?",0.16666666666666666,0.2222222222222222,0.1904761904761905,0.0,0.0,0.0,0.16666666666666666,0.2222222222222222,0.1904761904761905
9,What are the biggest opportunities for growth and development in your job?,"Please, rate you satisfaction level with the benefits provided by the company (e.g., health insurance, retirement plans, leave policies)",0.08333333333333333,0.05,0.0625,0.0,0.0,0.0,0.08333333333333333,0.05,0.0625
9,What are the biggest opportunities for growth and development in your job?,"In your opinion, are there enough opportunities for career advancement within the company?",0.5,0.46153846153846156,0.48000000000000004,0.18181818181818182,0.16666666666666666,0.17391304347826086,0.25,0.23076923076923078,0.24000000000000002
9,What are the biggest opportunities for growth and development in your job?,How likely are you to recommend this company as a good place to work?,0.08333333333333333,0.07142857142857142,0.07692307692307691,0.0,0.0,0.0,0.08333333333333333,0.07142857142857142,0.07692307692307691
9,What are the biggest opportunities for growth and development in your job?,Do you have any additional comments or suggestions to improve job satisfaction?,0.08333333333333333,0.08333333333333333,0.08333333333333333,0.0,0.0,0.0,0.08333333333333333,0.08333333333333333,0.08333333333333333
10,How would you rate the level of collaboration and teamwork in your job?,What is your role in the company?,0.23076923076923078,0.42857142857142855,0.3,0.0,0.0,0.0,0.07692307692307693,0.14285714285714285,0.1
10,How would you rate the level of collaboration and teamwork in your job?,How long have you been with the company?,0.23076923076923078,0.375,0.2857142857142857,0.0,0.0,0.0,0.23076923076923078,0.375,0.2857142857142857
10,How would you rate the level of collaboration and teamwork in your job?,How long have you been in your role?,0.3076923076923077,0.5,0.380952380952381,0.08333333333333333,0.14285714285714285,0.10526315789473685,0.3076923076923077,0.5,0.380952380952381
10,How would you rate the level of collaboration and teamwork in your job?,"Overall, how satisfied are you with your job?",0.3076923076923077,0.5,0.380952380952381,0.08333333333333333,0.14285714285714285,0.10526315789473685,0.3076923076923077,0.5,0.380952380952381
10,How would you rate the level of collaboration and teamwork in your job?,Are you satisfied with your current job role and responsibilities?,0.3076923076923077,0.4,0.34782608695652173,0.0,0.0,0.0,0.23076923076923078,0.3,0.2608695652173913
10,How would you rate the level of collaboration and teamwork in your job?,How clearly are your job responsibilities and expectations communicated to you?,0.38461538461538464,0.45454545454545453,0.41666666666666663,0.08333333333333333,0.1,0.0909090909090909,0.23076923076923078,0.2727272727272727,0.24999999999999994
10,How would you rate the level of collaboration and teamwork in your job?,"Please, rate the level of challenge and interest in your work",0.5384615384615384,0.6363636363636364,0.5833333333333334,0.3333333333333333,0.4,0.3636363636363636,0.5384615384615384,0.6363636363636364,0.5833333333333334
10,How would you rate the level of collaboration and teamwork in your job?,"How satisfied are you with the physical work environment (e.g., office space, equipment, facilities)?",0.23076923076923078,0.2,0.21428571428571427,0.0,0.0,0.0,0.23076923076923078,0.2,0.21428571428571427
10,How would you rate the level of collaboration and teamwork in your job?,What is your opinion about the overall work atmosphere and culture?,0.23076923076923078,0.2727272727272727,0.24999999999999994,0.0,0.0,0.0,0.15384615384615385,0.18181818181818182,0.16666666666666669
10,How would you rate the level of collaboration and teamwork in your job?,Do you feel well when you get along with your colleagues?,0.15384615384615385,0.18181818181818182,0.16666666666666669,0.0,0.0,0.0,0.15384615384615385,0.18181818181818182,0.16666666666666669
10,How would you rate the level of collaboration and teamwork in your job?,I am satisfied with the support and guidance received from my immediate manager,0.15384615384615385,0.15384615384615385,0.15384615384615385,0.0,0.0,0.0,0.15384615384615385,0.15384615384615385,0.15384615384615385
10,How would you rate the level of collaboration and teamwork in your job?,Do you receive constructive feedback on your performance?,0.15384615384615385,0.25,0.1904761904761905,0.0,0.0,0.0,0.15384615384615385,0.25,0.1904761904761905
10,How would you rate the level of collaboration and teamwork in your job?,"How satisfied are you with your compensation (salary, bonuses)?",0.23076923076923078,0.3333333333333333,0.27272727272727276,0.0,0.0,0.0,0.23076923076923078,0.3333333333333333,0.27272727272727276
10,How would you rate the level of collaboration and teamwork in your job?,"Please, rate you satisfaction level with the benefits provided by the company (e.g., health insurance, retirement plans, leave policies)",0.3076923076923077,0.2,0.24242424242424246,0.0,0.0,0.0,0.15384615384615385,0.1,0.12121212121212123
10,How would you rate the level of collaboration and teamwork in your job?,"In your opinion, are there enough opportunities for career advancement within the company?",0.23076923076923078,0.23076923076923078,0.23076923076923078,0.08333333333333333,0.08333333333333333,0.08333333333333333,0.15384615384615385,0.15384615384615385,0.15384615384615385
10,How would you rate the level of collaboration and teamwork in your job?,How likely are you to recommend this company as a good place to work?,0.15384615384615385,0.14285714285714285,0.14814814814814817,0.0,0.0,0.0,0.15384615384615385,0.14285714285714285,0.14814814814814817
10,How would you rate the level of collaboration and teamwork in your job?,Do you have any additional comments or suggestions to improve job satisfaction?,0.15384615384615385,0.16666666666666666,0.16,0.0,0.0,0.0,0.15384615384615385,0.16666666666666666,0.16
11,What are the biggest obstacles to your job satisfaction?,What is your role in the company?,0.3333333333333333,0.42857142857142855,0.375,0.0,0.0,0.0,0.2222222222222222,0.2857142857142857,0.25
11,What are the biggest obstacles to your job satisfaction?,How long have you been with the company?,0.1111111111111111,0.125,0.11764705882352941,0.0,0.0,0.0,0.1111111111111111,0.125,0.11764705882352941
11,What are the biggest obstacles to your job satisfaction?,How long have you been in your role?,0.1111111111111111,0.125,0.11764705882352941,0.0,0.0,0.0,0.1111111111111111,0.125,0.11764705882352941
11,What are the biggest obstacles to your job satisfaction?,"Overall, how satisfied are you with your job?",0.3333333333333333,0.375,0.35294117647058826,0.125,0.14285714285714285,0.13333333333333333,0.3333333333333333,0.375,0.35294117647058826
11,What are the biggest obstacles to your job satisfaction?,Are you satisfied with your current job role and responsibilities?,0.3333333333333333,0.3,0.3157894736842105,0.0,0.0,0.0,0.3333333333333333,0.3,0.3157894736842105
11,What are the biggest obstacles to your job satisfaction?,How clearly are your job responsibilities and expectations communicated to you?,0.4444444444444444,0.36363636363636365,0.39999999999999997,0.125,0.1,0.11111111111111112,0.3333333333333333,0.2727272727272727,0.3
11,What are the biggest obstacles to your job satisfaction?,"Please, rate the level of challenge and interest in your work",0.2222222222222222,0.18181818181818182,0.19999999999999998,0.0,0.0,0.0,0.2222222222222222,0.18181818181818182,0.19999999999999998
11,What are the biggest obstacles to your job satisfaction?,"How satisfied are you with the physical work environment (e.g., office space, equipment, facilities)?",0.2222222222222222,0.13333333333333333,0.16666666666666669,0.0,0.0,0.0,0.2222222222222222,0.13333333333333333,0.16666666666666669
11,What are the biggest obstacles to your job satisfaction?,What is your opinion about the overall work atmosphere and culture?,0.3333333333333333,0.2727272727272727,0.3,0.0,0.0,0.0,0.2222222222222222,0.18181818181818182,0.19999999999999998
11,What are the biggest obstacles to your job satisfaction?,Do you feel well when you get along with your colleagues?,0.1111111111111111,0.09090909090909091,0.09999999999999999,0.0,0.0,0.0,0.1111111111111111,0.09090909090909091,0.09999999999999999
11,What are the biggest obstacles to your job satisfaction?,I am satisfied with the support and guidance received from my immediate manager,0.1111111111111111,0.07692307692307693,0.09090909090909093,0.0,0.0,0.0,0.1111111111111111,0.07692307692307693,0.09090909090909093
11,What are the biggest obstacles to your job satisfaction?,Do you receive constructive feedback on your performance?,0.1111111111111111,0.125,0.11764705882352941,0.0,0.0,0.0,0.1111111111111111,0.125,0.11764705882352941
11,What are the biggest obstacles to your job satisfaction?,"How satisfied are you with your compensation (salary, bonuses)?",0.2222222222222222,0.2222222222222222,0.2222222222222222,0.0,0.0,0.0,0.2222222222222222,0.2222222222222222,0.2222222222222222
11,What are the biggest obstacles to your job satisfaction?,"Please, rate you satisfaction level with the benefits provided by the company (e.g., health insurance, retirement plans, leave policies)",0.2222222222222222,0.1,0.13793103448275865,0.0,0.0,0.0,0.1111111111111111,0.05,0.06896551724137932
11,What are the biggest obstacles to your job satisfaction?,"In your opinion, are there enough opportunities for career advancement within the company?",0.3333333333333333,0.23076923076923078,0.27272727272727276,0.0,0.0,0.0,0.2222222222222222,0.15384615384615385,0.18181818181818185
11,What are the biggest obstacles to your job satisfaction?,How likely are you to recommend this company as a good place to work?,0.2222222222222222,0.14285714285714285,0.17391304347826086,0.0,0.0,0.0,0.2222222222222222,0.14285714285714285,0.17391304347826086
11,What are the biggest obstacles to your job satisfaction?,Do you have any additional comments or suggestions to improve job satisfaction?,0.3333333333333333,0.25,0.28571428571428575,0.125,0.09090909090909091,0.10526315789473685,0.3333333333333333,0.25,0.28571428571428575
12,How would you rate the level of work-life balance in your job?,What is your role in the company?,0.23076923076923078,0.42857142857142855,0.3,0.0,0.0,0.0,0.07692307692307693,0.14285714285714285,0.1
12,How would you rate the level of work-life balance in your job?,How long have you been with the company?,0.23076923076923078,0.375,0.2857142857142857,0.0,0.0,0.0,0.23076923076923078,0.375,0.2857142857142857
12,How would you rate the level of work-life balance in your job?,How long have you been in your role?,0.3076923076923077,0.5,0.380952380952381,0.08333333333333333,0.14285714285714285,0.10526315789473685,0.3076923076923077,0.5,0.380952380952381
12,How would you rate the level of work-life balance in your job?,"Overall, how satisfied are you with your job?",0.3076923076923077,0.5,0.380952380952381,0.08333333333333333,0.14285714285714285,0.10526315789473685,0.3076923076923077,0.5,0.380952380952381
12,How would you rate the level of work-life balance in your job?,Are you satisfied with your current job role and responsibilities?,0.23076923076923078,0.3,0.2608695652173913,0.0,0.0,0.0,0.23076923076923078,0.3,0.2608695652173913
12,How would you rate the level of work-life balance in your job?,How clearly are your job responsibilities and expectations communicated to you?,0.3076923076923077,0.36363636363636365,0.33333333333333337,0.08333333333333333,0.1,0.0909090909090909,0.23076923076923078,0.2727272727272727,0.24999999999999994
12,How would you rate the level of work-life balance in your job?,"Please, rate the level of challenge and interest in your work",0.5384615384615384,0.6363636363636364,0.5833333333333334,0.3333333333333333,0.4,0.3636363636363636,0.46153846153846156,0.5454545454545454,0.4999999999999999
12,How would you rate the level of work-life balance in your job?,"How satisfied are you with the physical work environment (e.g., office space, equipment, facilities)?",0.3076923076923077,0.26666666666666666,0.28571428571428575,0.0,0.0,0.0,0.3076923076923077,0.26666666666666666,0.28571428571428575
12,How would you rate the level of work-life balance in your job?,What is your opinion about the overall work atmosphere and culture?,0.23076923076923078,0.2727272727272727,0.24999999999999994,0.0,0.0,0.0,0.15384615384615385,0.18181818181818182,0.16666666666666669
12,How would you rate the level of work-life balance in your job?,Do you feel well when you get along with your colleagues?,0.15384615384615385,0.18181818181818182,0.16666666666666669,0.0,0.0,0.0,0.15384615384615385,0.18181818181818182,0.16666666666666669
12,How would you rate the level of work-life balance in your job?,I am satisfied with the support and guidance received from my immediate manager,0.07692307692307693,0.07692307692307693,0.07692307692307693,0.0,0.0,0.0,0.07692307692307693,0.07692307692307693,0.07692307692307693
12,How would you rate the level of work-life balance in your job?,Do you receive constructive feedback on your performance?,0.15384615384615385,0.25,0.1904761904761905,0.0,0.0,0.0,0.15384615384615385,0.25,0.1904761904761905
12,How would you rate the level of work-life balance in your job?,"How satisfied are you with your compensation (salary, bonuses)?",0.23076923076923078,0.3333333333333333,0.27272727272727276,0.0,0.0,0.0,0.23076923076923078,0.3333333333333333,0.27272727272727276
12,How would you rate the level of work-life balance in your job?,"Please, rate you satisfaction level with the benefits provided by the company (e.g., health insurance, retirement plans, leave policies)",0.3076923076923077,0.2,0.24242424242424246,0.0,0.0,0.0,0.15384615384615385,0.1,0.12121212121212123
12,How would you rate the level of work-life balance in your job?,"In your opinion, are there enough opportunities for career advancement within the company?",0.23076923076923078,0.23076923076923078,0.23076923076923078,0.08333333333333333,0.08333333333333333,0.08333333333333333,0.15384615384615385,0.15384615384615385,0.15384615384615385
12,How would you rate the level of work-life balance in your job?,How likely are you to recommend this company as a good place to work?,0.23076923076923078,0.21428571428571427,0.22222222222222224,0.0,0.0,0.0,0.23076923076923078,0.21428571428571427,0.22222222222222224
12,How would you rate the level of work-life balance in your job?,Do you have any additional comments or suggestions to improve job satisfaction?,0.15384615384615385,0.16666666666666666,0.16,0.0,0.0,0.0,0.15384615384615385,0.16666666666666666,0.16
13,What are the most important factors that contribute to your job dissatisfaction?,What is your role in the company?,0.25,0.42857142857142855,0.3157894736842105,0.0,0.0,0.0,0.16666666666666666,0.2857142857142857,0.2105263157894737
13,What are the most important factors that contribute to your job dissatisfaction?,How long have you been with the company?,0.08333333333333333,0.125,0.1,0.0,0.0,0.0,0.08333333333333333,0.125,0.1
13,What are the most important factors that contribute to your job dissatisfaction?,How long have you been in your role?,0.08333333333333333,0.125,0.1,0.0,0.0,0.0,0.08333333333333333,0.125,0.1
13,What are the most important factors that contribute to your job dissatisfaction?,"Overall, how satisfied are you with your job?",0.25,0.375,0.3,0.09090909090909091,0.14285714285714285,0.1111111111111111,0.25,0.375,0.3
13,What are the most important factors that contribute to your job dissatisfaction?,Are you satisfied with your current job role and responsibilities?,0.25,0.3,0.2727272727272727,0.0,0.0,0.0,0.25,0.3,0.2727272727272727
13,What are the most important factors that contribute to your job dissatisfaction?,How clearly are your job responsibilities and expectations communicated to you?,0.3333333333333333,0.36363636363636365,0.34782608695652173,0.09090909090909091,0.1,0.09523809523809525,0.25,0.2727272727272727,0.2608695652173913
13,What are the most important factors that contribute to your job dissatisfaction?,"Please, rate the level of challenge and interest in your work",0.16666666666666666,0.18181818181818182,0.17391304347826086,0.0,0.0,0.0,0.16666666666666666,0.18181818181818182,0.17391304347826086
13,What are the most important factors that contribute to your job dissatisfaction?,"How satisfied are you with the physical work environment (e.g., office space, equipment, facilities)?",0.16666666666666666,0.13333333333333333,0.14814814814814814,0.0,0.0,0.0,0.16666666666666666,0.13333333333333333,0.14814814814814814
13,What are the most important factors that contribute to your job dissatisfaction?,What is your opinion about the overall work atmosphere and culture?,0.25,0.2727272727272727,0.2608695652173913,0.0,0.0,0.0,0.16666666666666666,0.18181818181818182,0.17391304347826086
13,What are the most important factors that contribute to your job dissatisfaction?,Do you feel well when you get along with your colleagues?,0.08333333333333333,0.09090909090909091,0.08695652173913043,0.0,0.0,0.0,0.08333333333333333,0.09090909090909091,0.08695652173913043
13,What are the most important factors that contribute to your job dissatisfaction?,I am satisfied with the support and guidance received from my immediate manager,0.08333333333333333,0.07692307692307693,0.08,0.0,0.0,0.0,0.08333333333333333,0.07692307692307693,0.08
13,What are the most important factors that contribute to your job dissatisfaction?,Do you receive constructive feedback on your performance?,0.08333333333333333,0.125,0.1,0.0,0.0,0.0,0.08333333333333333,0.125,0.1
13,What are the most important factors that contribute to your job dissatisfaction?,"How satisfied are you with your compensation (salary, bonuses)?",0.16666666666666666,0.2222222222222222,0.1904761904761905,0.0,0.0,0.0,0.16666666666666666,0.2222222222222222,0.1904761904761905
13,What are the most important factors that contribute to your job dissatisfaction?,"Please, rate you satisfaction level with the benefits provided by the company (e.g., health insurance, retirement plans, leave policies)",0.08333333333333333,0.05,0.0625,0.0,0.0,0.0,0.08333333333333333,0.05,0.0625
13,What are the most important factors that contribute to your job dissatisfaction?,"In your opinion, are there enough opportunities for career advancement within the company?",0.25,0.23076923076923078,0.24000000000000002,0.0,0.0,0.0,0.16666666666666666,0.15384615384615385,0.16
13,What are the most important factors that contribute to your job dissatisfaction?,How likely are you to recommend this company as a good place to work?,0.16666666666666666,0.14285714285714285,0.15384615384615383,0.0,0.0,0.0,0.16666666666666666,0.14285714285714285,0.15384615384615383
13,What are the most important factors that contribute to your job dissatisfaction?,Do you have any additional comments or suggestions to improve job satisfaction?,0.16666666666666666,0.16666666666666666,0.16666666666666666,0.0,0.0,0.0,0.16666666666666666,0.16666666666666666,0.16666666666666666
14,How would you rate the level of job security in your job?,What is your role in the company?,0.25,0.42857142857142855,0.3157894736842105,0.0,0.0,0.0,0.08333333333333333,0.14285714285714285,0.10526315789473685
14,How would you rate the level of job security in your job?,How long have you been with the company?,0.25,0.375,0.3,0.0,0.0,0.0,0.25,0.375,0.3
14,How would you rate the level of job security in your job?,How long have you been in your role?,0.3333333333333333,0.5,0.4,0.09090909090909091,0.14285714285714285,0.1111111111111111,0.3333333333333333,0.5,0.4
14,How would you rate the level of job security in your job?,"Overall, how satisfied are you with your job?",0.3333333333333333,0.5,0.4,0.09090909090909091,0.14285714285714285,0.1111111111111111,0.3333333333333333,0.5,0.4
14,How would you rate the level of job security in your job?,Are you satisfied with your current job role and responsibilities?,0.25,0.3,0.2727272727272727,0.0,0.0,0.0,0.25,0.3,0.2727272727272727
14,How would you rate the level of job security in your job?,How clearly are your job responsibilities and expectations communicated to you?,0.3333333333333333,0.36363636363636365,0.34782608695652173,0.09090909090909091,0.1,0.09523809523809525,0.25,0.2727272727272727,0.2608695652173913
14,How would you rate the level of job security in your job?,"Please, rate the level of challenge and interest in your work",0.5,0.5454545454545454,0.5217391304347826,0.36363636363636365,0.4,0.380952380952381,0.5,0.5454545454545454,0.5217391304347826
14,How would you rate the level of job security in your job?,"How satisfied are you with the physical work environment (e.g., office space, equipment, facilities)?",0.25,0.2,0.22222222222222224,0.0,0.0,0.0,0.25,0.2,0.22222222222222224
14,How would you rate the level of job security in your job?,What is your opinion about the overall work atmosphere and culture?,0.16666666666666666,0.18181818181818182,0.17391304347826086,0.0,0.0,0.0,0.08333333333333333,0.09090909090909091,0.08695652173913043
14,How would you rate the level of job security in your job?,Do you feel well when you get along with your colleagues?,0.16666666666666666,0.18181818181818182,0.17391304347826086,0.0,0.0,0.0,0.16666666666666666,0.18181818181818182,0.17391304347826086
14,How would you rate the level of job security in your job?,I am satisfied with the support and guidance received from my immediate manager,0.08333333333333333,0.07692307692307693,0.08,0.0,0.0,0.0,0.08333333333333333,0.07692307692307693,0.08
14,How would you rate the level of job security in your job?,Do you receive constructive feedback on your performance?,0.16666666666666666,0.25,0.2,0.0,0.0,0.0,0.16666666666666666,0.25,0.2
14,How would you rate the level of job security in your job?,"How satisfied are you with your compensation (salary, bonuses)?",0.25,0.3333333333333333,0.28571428571428575,0.0,0.0,0.0,0.25,0.3333333333333333,0.28571428571428575
14,How would you rate the level of job security in your job?,"Please, rate you satisfaction level with the benefits provided by the company (e.g., health insurance, retirement plans, leave policies)",0.3333333333333333,0.2,0.25,0.0,0.0,0.0,0.16666666666666666,0.1,0.125
14,How would you rate the level of job security in your job?,"In your opinion, are there enough opportunities for career advancement within the company?",0.25,0.23076923076923078,0.24000000000000002,0.09090909090909091,0.08333333333333333,0.08695652173913043,0.16666666666666666,0.15384615384615385,0.16
14,How would you rate the level of job security in your job?,How likely are you to recommend this company as a good place to work?,0.16666666666666666,0.14285714285714285,0.15384615384615383,0.0,0.0,0.0,0.16666666666666666,0.14285714285714285,0.15384615384615383
14,How would you rate the level of job security in your job?,Do you have any additional comments or suggestions to improve job satisfaction?,0.16666666666666666,0.16666666666666666,0.16666666666666666,0.0,0.0,0.0,0.16666666666666666,0.16666666666666666,0.16666666666666666
15,What are the biggest opportunities for improvement in your job?,What is your role in the company?,0.4,0.5714285714285714,0.47058823529411764,0.0,0.0,0.0,0.2,0.2857142857142857,0.23529411764705882
15,What are the biggest opportunities for improvement in your job?,How long have you been with the company?,0.1,0.125,0.11111111111111112,0.0,0.0,0.0,0.1,0.125,0.11111111111111112
15,What are the biggest opportunities for improvement in your job?,How long have you been in your role?,0.2,0.25,0.22222222222222224,0.1111111111111111,0.14285714285714285,0.125,0.2,0.25,0.22222222222222224
15,What are the biggest opportunities for improvement in your job?,"Overall, how satisfied are you with your job?",0.3,0.375,0.33333333333333326,0.1111111111111111,0.14285714285714285,0.125,0.3,0.375,0.33333333333333326
15,What are the biggest opportunities for improvement in your job?,Are you satisfied with your current job role and responsibilities?,0.3,0.3,0.3,0.0,0.0,0.0,0.3,0.3,0.3
15,What are the biggest opportunities for improvement in your job?,How clearly are your job responsibilities and expectations communicated to you?,0.3,0.2727272727272727,0.28571428571428564,0.1111111111111111,0.1,0.10526315789473685,0.3,0.2727272727272727,0.28571428571428564
15,What are the biggest opportunities for improvement in your job?,"Please, rate the level of challenge and interest in your work",0.3,0.2727272727272727,0.28571428571428564,0.1111111111111111,0.1,0.10526315789473685,0.3,0.2727272727272727,0.28571428571428564
15,What are the biggest opportunities for improvement in your job?,"How satisfied are you with the physical work environment (e.g., office space, equipment, facilities)?",0.2,0.13333333333333333,0.16,0.0,0.0,0.0,0.2,0.13333333333333333,0.16
15,What are the biggest opportunities for improvement in your job?,What is your opinion about the overall work atmosphere and culture?,0.3,0.2727272727272727,0.28571428571428564,0.0,0.0,0.0,0.2,0.18181818181818182,0.1904761904761905
15,What are the biggest opportunities for improvement in your job?,Do you feel well when you get along with your colleagues?,0.1,0.09090909090909091,0.09523809523809525,0.0,0.0,0.0,0.1,0.09090909090909091,0.09523809523809525
15,What are the biggest opportunities for improvement in your job?,I am satisfied with the support and guidance received from my immediate manager,0.1,0.07692307692307693,0.08695652173913043,0.0,0.0,0.0,0.1,0.07692307692307693,0.08695652173913043
15,What are the biggest opportunities for improvement in your job?,Do you receive constructive feedback on your performance?,0.1,0.125,0.11111111111111112,0.0,0.0,0.0,0.1,0.125,0.11111111111111112
15,What are the biggest opportunities for improvement in your job?,"How satisfied are you with your compensation (salary, bonuses)?",0.2,0.2222222222222222,0.2105263157894737,0.0,0.0,0.0,0.2,0.2222222222222222,0.2105263157894737
15,What are the biggest opportunities for improvement in your job?,"Please, rate you satisfaction level with the benefits provided by the company (e.g., health insurance, retirement plans, leave policies)",0.1,0.05,0.06666666666666667,0.0,0.0,0.0,0.1,0.05,0.06666666666666667
15,What are the biggest opportunities for improvement in your job?,"In your opinion, are there enough opportunities for career advancement within the company?",0.6,0.46153846153846156,0.5217391304347826,0.2222222222222222,0.16666666666666666,0.1904761904761905,0.3,0.23076923076923078,0.2608695652173913
15,What are the biggest opportunities for improvement in your job?,How likely are you to recommend this company as a good place to work?,0.1,0.07142857142857142,0.08333333333333333,0.0,0.0,0.0,0.1,0.07142857142857142,0.08333333333333333
15,What are the biggest opportunities for improvement in your job?,Do you have any additional comments or suggestions to improve job satisfaction?,0.2,0.16666666666666666,0.1818181818181818,0.0,0.0,0.0,0.2,0.16666666666666666,0.1818181818181818
16,Any additional comments or suggestions?,What is your role in the company?,0.0,0.0,0.0,0.0,0.0,0.0,0.0,0.0,0.0
16,Any additional comments or suggestions?,How long have you been with the company?,0.0,0.0,0.0,0.0,0.0,0.0,0.0,0.0,0.0
16,Any additional comments or suggestions?,How long have you been in your role?,0.0,0.0,0.0,0.0,0.0,0.0,0.0,0.0,0.0
16,Any additional comments or suggestions?,"Overall, how satisfied are you with your job?",0.0,0.0,0.0,0.0,0.0,0.0,0.0,0.0,0.0
16,Any additional comments or suggestions?,Are you satisfied with your current job role and responsibilities?,0.0,0.0,0.0,0.0,0.0,0.0,0.0,0.0,0.0
16,Any additional comments or suggestions?,How clearly are your job responsibilities and expectations communicated to you?,0.0,0.0,0.0,0.0,0.0,0.0,0.0,0.0,0.0
16,Any additional comments or suggestions?,"Please, rate the level of challenge and interest in your work",0.0,0.0,0.0,0.0,0.0,0.0,0.0,0.0,0.0
16,Any additional comments or suggestions?,"How satisfied are you with the physical work environment (e.g., office space, equipment, facilities)?",0.0,0.0,0.0,0.0,0.0,0.0,0.0,0.0,0.0
16,Any additional comments or suggestions?,What is your opinion about the overall work atmosphere and culture?,0.0,0.0,0.0,0.0,0.0,0.0,0.0,0.0,0.0
16,Any additional comments or suggestions?,Do you feel well when you get along with your colleagues?,0.0,0.0,0.0,0.0,0.0,0.0,0.0,0.0,0.0
16,Any additional comments or suggestions?,I am satisfied with the support and guidance received from my immediate manager,0.0,0.0,0.0,0.0,0.0,0.0,0.0,0.0,0.0
16,Any additional comments or suggestions?,Do you receive constructive feedback on your performance?,0.0,0.0,0.0,0.0,0.0,0.0,0.0,0.0,0.0
16,Any additional comments or suggestions?,"How satisfied are you with your compensation (salary, bonuses)?",0.0,0.0,0.0,0.0,0.0,0.0,0.0,0.0,0.0
16,Any additional comments or suggestions?,"Please, rate you satisfaction level with the benefits provided by the company (e.g., health insurance, retirement plans, leave policies)",0.0,0.0,0.0,0.0,0.0,0.0,0.0,0.0,0.0
16,Any additional comments or suggestions?,"In your opinion, are there enough opportunities for career advancement within the company?",0.0,0.0,0.0,0.0,0.0,0.0,0.0,0.0,0.0
16,Any additional comments or suggestions?,How likely are you to recommend this company as a good place to work?,0.0,0.0,0.0,0.0,0.0,0.0,0.0,0.0,0.0
16,Any additional comments or suggestions?,Do you have any additional comments or suggestions to improve job satisfaction?,1.0,0.4166666666666667,0.5882352941176471,1.0,0.36363636363636365,0.5333333333333333,1.0,0.4166666666666667,0.5882352941176471
