ID,QUESTION_ID,TEMPLATE_ID,CODE_ID,ANSWER,IS_COMMENT_MANDATORY,CANNOT_ANSWER,SCORE,DISPLAY_ORDER,ENTITYSET_INSTANCE_ID,ENTITYSET_ENTITY_ID,WEIGHT_LEVEL,SHAREDIDENTIFIER,LISTAGENCY_ID,INSERT_TIME,INSERT_USER,INSERT_CLIENT,UPDATE_TIME,UPDATE_USER,UPDATE_CLIENT,UPDATE_COUNT,WORKFLOW_ID
1146002,1146002,1146006,NULL,Completely Disagree,0,0,1,0,NULL,NULL,0,1146002,0,19:59.5,training2-sprint14-reporting,::1,19:59.5,training2-sprint14-reporting,::1,0,NULL
1146003,1146002,1146007,NULL,2,0,0,2,0,NULL,NULL,0,1146003,0,19:59.5,training2-sprint14-reporting,::1,19:59.5,training2-sprint14-reporting,::1,0,NULL
1146004,1146002,1146008,NULL,3,0,0,3,0,NULL,NULL,0,1146004,0,19:59.5,training2-sprint14-reporting,::1,19:59.5,training2-sprint14-reporting,::1,0,NULL
1146005,1146002,1146009,NULL,4,0,0,4,0,NULL,NULL,0,1146005,0,19:59.5,training2-sprint14-reporting,::1,19:59.5,training2-sprint14-reporting,::1,0,NULL
1146006,1146002,1146010,NULL,5,0,0,5,0,NULL,NULL,0,1146006,0,19:59.5,training2-sprint14-reporting,::1,19:59.5,training2-sprint14-reporting,::1,0,NULL
1146007,1146002,1146011,NULL,6,0,0,6,0,NULL,NULL,0,1146007,0,19:59.5,training2-sprint14-reporting,::1,19:59.5,training2-sprint14-reporting,::1,0,NULL
1146008,1146002,1146012,NULL,7,0,0,7,0,NULL,NULL,0,1146008,0,19:59.5,training2-sprint14-reporting,::1,19:59.5,training2-sprint14-reporting,::1,0,NULL
1146009,1146002,1146013,NULL,8,0,0,8,0,NULL,NULL,0,1146009,0,19:59.5,training2-sprint14-reporting,::1,19:59.5,training2-sprint14-reporting,::1,0,NULL
1146010,1146002,1146014,NULL,9,0,0,9,0,NULL,NULL,0,1146010,0,19:59.5,training2-sprint14-reporting,::1,19:59.5,training2-sprint14-reporting,::1,0,NULL
1146011,1146002,1146015,NULL,Strongly Agree,0,0,10,0,NULL,NULL,0,1146011,0,19:59.5,training2-sprint14-reporting,::1,19:59.5,training2-sprint14-reporting,::1,0,NULL
1146012,1146003,1146006,NULL,Completely Disagree,0,0,1,0,NULL,NULL,0,1146012,0,20:15.8,training2-sprint14-reporting,::1,20:15.8,training2-sprint14-reporting,::1,0,NULL
1146013,1146003,1146007,NULL,2,0,0,2,0,NULL,NULL,0,1146013,0,20:15.8,training2-sprint14-reporting,::1,20:15.8,training2-sprint14-reporting,::1,0,NULL
1146014,1146003,1146008,NULL,3,0,0,3,0,NULL,NULL,0,1146014,0,20:15.8,training2-sprint14-reporting,::1,20:15.8,training2-sprint14-reporting,::1,0,NULL
1146015,1146003,1146009,NULL,4,0,0,4,0,NULL,NULL,0,1146015,0,20:15.8,training2-sprint14-reporting,::1,20:15.8,training2-sprint14-reporting,::1,0,NULL
1146016,1146003,1146010,NULL,5,0,0,5,0,NULL,NULL,0,1146016,0,20:15.8,training2-sprint14-reporting,::1,20:15.8,training2-sprint14-reporting,::1,0,NULL
1146017,1146003,1146011,NULL,6,0,0,6,0,NULL,NULL,0,1146017,0,20:15.8,training2-sprint14-reporting,::1,20:15.8,training2-sprint14-reporting,::1,0,NULL
1146018,1146003,1146012,NULL,7,0,0,7,0,NULL,NULL,0,1146018,0,20:15.8,training2-sprint14-reporting,::1,20:15.8,training2-sprint14-reporting,::1,0,NULL
1146019,1146003,1146013,NULL,8,0,0,8,0,NULL,NULL,0,1146019,0,20:15.8,training2-sprint14-reporting,::1,20:15.8,training2-sprint14-reporting,::1,0,NULL
1146020,1146003,1146014,NULL,9,0,0,9,0,NULL,NULL,0,1146020,0,20:15.8,training2-sprint14-reporting,::1,20:15.8,training2-sprint14-reporting,::1,0,NULL
1146021,1146003,1146015,NULL,Strongly Agree,0,0,10,0,NULL,NULL,0,1146021,0,20:15.8,training2-sprint14-reporting,::1,20:15.8,training2-sprint14-reporting,::1,0,NULL
1146022,1146004,1146006,NULL,Completely Disagree,0,0,1,0,NULL,NULL,0,1146022,0,20:47.1,training2-sprint14-reporting,::1,20:47.1,training2-sprint14-reporting,::1,0,NULL
1146023,1146004,1146007,NULL,2,0,0,2,0,NULL,NULL,0,1146023,0,20:47.1,training2-sprint14-reporting,::1,20:47.1,training2-sprint14-reporting,::1,0,NULL
1146024,1146004,1146008,NULL,3,0,0,3,0,NULL,NULL,0,1146024,0,20:47.1,training2-sprint14-reporting,::1,20:47.1,training2-sprint14-reporting,::1,0,NULL
1146025,1146004,1146009,NULL,4,0,0,4,0,NULL,NULL,0,1146025,0,20:47.1,training2-sprint14-reporting,::1,20:47.1,training2-sprint14-reporting,::1,0,NULL
1146026,1146004,1146010,NULL,5,0,0,5,0,NULL,NULL,0,1146026,0,20:47.1,training2-sprint14-reporting,::1,20:47.1,training2-sprint14-reporting,::1,0,NULL
1146027,1146004,1146011,NULL,6,0,0,6,0,NULL,NULL,0,1146027,0,20:47.1,training2-sprint14-reporting,::1,20:47.1,training2-sprint14-reporting,::1,0,NULL
1146028,1146004,1146012,NULL,7,0,0,7,0,NULL,NULL,0,1146028,0,20:47.1,training2-sprint14-reporting,::1,20:47.1,training2-sprint14-reporting,::1,0,NULL
1146029,1146004,1146013,NULL,8,0,0,8,0,NULL,NULL,0,1146029,0,20:47.1,training2-sprint14-reporting,::1,20:47.1,training2-sprint14-reporting,::1,0,NULL
1146030,1146004,1146014,NULL,9,0,0,9,0,NULL,NULL,0,1146030,0,20:47.1,training2-sprint14-reporting,::1,20:47.1,training2-sprint14-reporting,::1,0,NULL
1146031,1146004,1146015,NULL,Strongly Agree,0,0,10,0,NULL,NULL,0,1146031,0,20:47.1,training2-sprint14-reporting,::1,20:47.1,training2-sprint14-reporting,::1,0,NULL
1146032,1146005,1146006,NULL,Completely Disagree,0,0,1,0,NULL,NULL,0,1146032,0,22:11.7,training2-sprint14-reporting,::1,22:11.7,training2-sprint14-reporting,::1,0,NULL
1146033,1146005,1146007,NULL,2,0,0,2,0,NULL,NULL,0,1146033,0,22:11.7,training2-sprint14-reporting,::1,22:11.7,training2-sprint14-reporting,::1,0,NULL
1146034,1146005,1146008,NULL,3,0,0,3,0,NULL,NULL,0,1146034,0,22:11.7,training2-sprint14-reporting,::1,22:11.7,training2-sprint14-reporting,::1,0,NULL
1146035,1146005,1146009,NULL,4,0,0,4,0,NULL,NULL,0,1146035,0,22:11.7,training2-sprint14-reporting,::1,22:11.7,training2-sprint14-reporting,::1,0,NULL
1146036,1146005,1146010,NULL,5,0,0,5,0,NULL,NULL,0,1146036,0,22:11.7,training2-sprint14-reporting,::1,22:11.7,training2-sprint14-reporting,::1,0,NULL
1146037,1146005,1146011,NULL,6,0,0,6,0,NULL,NULL,0,1146037,0,22:11.7,training2-sprint14-reporting,::1,22:11.7,training2-sprint14-reporting,::1,0,NULL
1146038,1146005,1146012,NULL,7,0,0,7,0,NULL,NULL,0,1146038,0,22:11.7,training2-sprint14-reporting,::1,22:11.7,training2-sprint14-reporting,::1,0,NULL
1146039,1146005,1146013,NULL,8,0,0,8,0,NULL,NULL,0,1146039,0,22:11.7,training2-sprint14-reporting,::1,22:11.7,training2-sprint14-reporting,::1,0,NULL
1146040,1146005,1146014,NULL,9,0,0,9,0,NULL,NULL,0,1146040,0,22:11.7,training2-sprint14-reporting,::1,22:11.7,training2-sprint14-reporting,::1,0,NULL
1146041,1146005,1146015,NULL,Strongly Agree,0,0,10,0,NULL,NULL,0,1146041,0,22:11.7,training2-sprint14-reporting,::1,22:11.7,training2-sprint14-reporting,::1,0,NULL
1146042,1146006,1146006,NULL,Completely Disagree,0,0,1,0,NULL,NULL,0,1146042,0,22:40.7,training2-sprint14-reporting,::1,22:40.7,training2-sprint14-reporting,::1,0,NULL
1146043,1146006,1146007,NULL,2,0,0,2,0,NULL,NULL,0,1146043,0,22:40.7,training2-sprint14-reporting,::1,22:40.7,training2-sprint14-reporting,::1,0,NULL
1146044,1146006,1146008,NULL,3,0,0,3,0,NULL,NULL,0,1146044,0,22:40.7,training2-sprint14-reporting,::1,22:40.7,training2-sprint14-reporting,::1,0,NULL
1146045,1146006,1146009,NULL,4,0,0,4,0,NULL,NULL,0,1146045,0,22:40.7,training2-sprint14-reporting,::1,22:40.7,training2-sprint14-reporting,::1,0,NULL
1146046,1146006,1146010,NULL,5,0,0,5,0,NULL,NULL,0,1146046,0,22:40.7,training2-sprint14-reporting,::1,22:40.7,training2-sprint14-reporting,::1,0,NULL
1146047,1146006,1146011,NULL,6,0,0,6,0,NULL,NULL,0,1146047,0,22:40.7,training2-sprint14-reporting,::1,22:40.7,training2-sprint14-reporting,::1,0,NULL
1146048,1146006,1146012,NULL,7,0,0,7,0,NULL,NULL,0,1146048,0,22:40.7,training2-sprint14-reporting,::1,22:40.7,training2-sprint14-reporting,::1,0,NULL
1146049,1146006,1146013,NULL,8,0,0,8,0,NULL,NULL,0,1146049,0,22:40.7,training2-sprint14-reporting,::1,22:40.7,training2-sprint14-reporting,::1,0,NULL
1146050,1146006,1146014,NULL,9,0,0,9,0,NULL,NULL,0,1146050,0,22:40.7,training2-sprint14-reporting,::1,22:40.7,training2-sprint14-reporting,::1,0,NULL
1146051,1146006,1146015,NULL,Strongly Agree,0,0,10,0,NULL,NULL,0,1146051,0,22:40.7,training2-sprint14-reporting,::1,22:40.7,training2-sprint14-reporting,::1,0,NULL
1146052,1146007,1146006,NULL,Completely Disagree,0,0,1,0,NULL,NULL,0,1146052,0,23:10.9,training2-sprint14-reporting,::1,23:10.9,training2-sprint14-reporting,::1,0,NULL
1146053,1146007,1146007,NULL,2,0,0,2,0,NULL,NULL,0,1146053,0,23:10.9,training2-sprint14-reporting,::1,23:10.9,training2-sprint14-reporting,::1,0,NULL
1146054,1146007,1146008,NULL,3,0,0,3,0,NULL,NULL,0,1146054,0,23:10.9,training2-sprint14-reporting,::1,23:10.9,training2-sprint14-reporting,::1,0,NULL
1146055,1146007,1146009,NULL,4,0,0,4,0,NULL,NULL,0,1146055,0,23:10.9,training2-sprint14-reporting,::1,23:10.9,training2-sprint14-reporting,::1,0,NULL
1146056,1146007,1146010,NULL,5,0,0,5,0,NULL,NULL,0,1146056,0,23:10.9,training2-sprint14-reporting,::1,23:10.9,training2-sprint14-reporting,::1,0,NULL
1146057,1146007,1146011,NULL,6,0,0,6,0,NULL,NULL,0,1146057,0,23:10.9,training2-sprint14-reporting,::1,23:10.9,training2-sprint14-reporting,::1,0,NULL
1146058,1146007,1146012,NULL,7,0,0,7,0,NULL,NULL,0,1146058,0,23:10.9,training2-sprint14-reporting,::1,23:10.9,training2-sprint14-reporting,::1,0,NULL
1146059,1146007,1146013,NULL,8,0,0,8,0,NULL,NULL,0,1146059,0,23:10.9,training2-sprint14-reporting,::1,23:10.9,training2-sprint14-reporting,::1,0,NULL
1146060,1146007,1146014,NULL,9,0,0,9,0,NULL,NULL,0,1146060,0,23:10.9,training2-sprint14-reporting,::1,23:10.9,training2-sprint14-reporting,::1,0,NULL
1146061,1146007,1146015,NULL,Strongly Agree,0,0,10,0,NULL,NULL,0,1146061,0,23:10.9,training2-sprint14-reporting,::1,23:10.9,training2-sprint14-reporting,::1,0,NULL
1146062,1146008,1146006,NULL,Completely Disagree,0,0,1,0,NULL,NULL,0,1146062,0,24:08.4,training2-sprint14-reporting,::1,24:08.4,training2-sprint14-reporting,::1,0,NULL
1146063,1146008,1146007,NULL,2,0,0,2,0,NULL,NULL,0,1146063,0,24:08.4,training2-sprint14-reporting,::1,24:08.4,training2-sprint14-reporting,::1,0,NULL
1146064,1146008,1146008,NULL,3,0,0,3,0,NULL,NULL,0,1146064,0,24:08.4,training2-sprint14-reporting,::1,24:08.4,training2-sprint14-reporting,::1,0,NULL
1146065,1146008,1146009,NULL,4,0,0,4,0,NULL,NULL,0,1146065,0,24:08.4,training2-sprint14-reporting,::1,24:08.4,training2-sprint14-reporting,::1,0,NULL
1146066,1146008,1146010,NULL,5,0,0,5,0,NULL,NULL,0,1146066,0,24:08.4,training2-sprint14-reporting,::1,24:08.4,training2-sprint14-reporting,::1,0,NULL
1146067,1146008,1146011,NULL,6,0,0,6,0,NULL,NULL,0,1146067,0,24:08.4,training2-sprint14-reporting,::1,24:08.4,training2-sprint14-reporting,::1,0,NULL
1146068,1146008,1146012,NULL,7,0,0,7,0,NULL,NULL,0,1146068,0,24:08.4,training2-sprint14-reporting,::1,24:08.4,training2-sprint14-reporting,::1,0,NULL
1146069,1146008,1146013,NULL,8,0,0,8,0,NULL,NULL,0,1146069,0,24:08.4,training2-sprint14-reporting,::1,24:08.4,training2-sprint14-reporting,::1,0,NULL
1146070,1146008,1146014,NULL,9,0,0,9,0,NULL,NULL,0,1146070,0,24:08.4,training2-sprint14-reporting,::1,24:08.4,training2-sprint14-reporting,::1,0,NULL
1146071,1146008,1146015,NULL,Strongly Agree,0,0,10,0,NULL,NULL,0,1146071,0,24:08.4,training2-sprint14-reporting,::1,24:08.4,training2-sprint14-reporting,::1,0,NULL
1146074,1146009,1146016,NULL,Unhappy,0,0,0,0,NULL,NULL,0,1146074,0,17:53.9,PS21000032_REPMENU,::1,17:53.9,PS21000032_REPMENU,::1,0,NULL
1146073,1146009,1146017,NULL,Neutral,0,0,1,0,NULL,NULL,0,1146073,0,17:53.9,PS21000032_REPMENU,::1,17:53.9,PS21000032_REPMENU,::1,0,NULL
1146072,1146009,1146018,NULL,Happy,0,0,2,0,NULL,NULL,0,1146072,0,17:53.9,PS21000032_REPMENU,::1,17:53.9,PS21000032_REPMENU,::1,0,NULL
1146077,1146010,1146016,NULL,Unhappy,0,0,0,0,NULL,NULL,0,1146077,0,23:23.5,PS21000032_REPMENU,::1,23:23.5,PS21000032_REPMENU,::1,0,NULL
1146076,1146010,1146017,NULL,Neutral,0,0,1,0,NULL,NULL,0,1146076,0,23:23.5,PS21000032_REPMENU,::1,23:23.5,PS21000032_REPMENU,::1,0,NULL
1146075,1146010,1146018,NULL,Happy,0,0,2,0,NULL,NULL,0,1146075,0,23:23.5,PS21000032_REPMENU,::1,23:23.5,PS21000032_REPMENU,::1,0,NULL
1146080,1146011,1146016,NULL,Unhappy,0,0,0,0,NULL,NULL,0,1146080,0,23:59.8,PS21000032_REPMENU,::1,23:59.8,PS21000032_REPMENU,::1,0,NULL
1146079,1146011,1146017,NULL,Neutral,0,0,1,0,NULL,NULL,0,1146079,0,23:59.8,PS21000032_REPMENU,::1,23:59.8,PS21000032_REPMENU,::1,0,NULL
1146078,1146011,1146018,NULL,Happy,0,0,2,0,NULL,NULL,0,1146078,0,23:59.8,PS21000032_REPMENU,::1,23:59.8,PS21000032_REPMENU,::1,0,NULL
1146083,1146012,1146016,NULL,Unhappy,0,0,0,0,NULL,NULL,0,1146083,0,24:26.2,PS21000032_REPMENU,::1,24:26.2,PS21000032_REPMENU,::1,0,NULL
1146082,1146012,1146017,NULL,Neutral,0,0,1,0,NULL,NULL,0,1146082,0,24:26.2,PS21000032_REPMENU,::1,24:26.2,PS21000032_REPMENU,::1,0,NULL
1146081,1146012,1146018,NULL,Happy,0,0,2,0,NULL,NULL,0,1146081,0,24:26.2,PS21000032_REPMENU,::1,24:26.2,PS21000032_REPMENU,::1,0,NULL
1146086,1146013,1146016,NULL,Unhappy,0,0,0,0,NULL,NULL,0,1146086,0,24:51.2,PS21000032_REPMENU,::1,24:51.2,PS21000032_REPMENU,::1,0,NULL
1146085,1146013,1146017,NULL,Neutral,0,0,1,0,NULL,NULL,0,1146085,0,24:51.2,PS21000032_REPMENU,::1,24:51.2,PS21000032_REPMENU,::1,0,NULL
1146084,1146013,1146018,NULL,Happy,0,0,2,0,NULL,NULL,0,1146084,0,24:51.2,PS21000032_REPMENU,::1,24:51.2,PS21000032_REPMENU,::1,0,NULL
1146092,1146015,1146016,NULL,Unhappy,0,0,0,0,NULL,NULL,0,1146092,0,25:32.6,PS21000032_REPMENU,::1,25:32.6,PS21000032_REPMENU,::1,0,NULL
1146091,1146015,1146017,NULL,Neutral,0,0,1,0,NULL,NULL,0,1146091,0,25:32.6,PS21000032_REPMENU,::1,25:32.6,PS21000032_REPMENU,::1,0,NULL
1146090,1146015,1146018,NULL,Happy,0,0,2,0,NULL,NULL,0,1146090,0,25:32.6,PS21000032_REPMENU,::1,25:32.6,PS21000032_REPMENU,::1,0,NULL
1146095,1146016,1146016,NULL,Unhappy,0,0,0,0,NULL,NULL,0,1146095,0,25:55.8,PS21000032_REPMENU,::1,25:55.8,PS21000032_REPMENU,::1,0,NULL
1146094,1146016,1146017,NULL,Neutral,0,0,1,0,NULL,NULL,0,1146094,0,25:55.8,PS21000032_REPMENU,::1,25:55.8,PS21000032_REPMENU,::1,0,NULL
1146093,1146016,1146018,NULL,Happy,0,0,2,0,NULL,NULL,0,1146093,0,25:55.8,PS21000032_REPMENU,::1,25:55.8,PS21000032_REPMENU,::1,0,NULL
1173052,1173001,1173016,NULL,Very satisfied,0,0,NULL,0,NULL,NULL,0,1173052,0,17:12.0,training-sprint2_HCM-229,::1,17:12.0,training-sprint2_HCM-229,::1,0,NULL
1173053,1173001,1173017,NULL,Somewhat satisfied,0,0,NULL,0,NULL,NULL,0,1173053,0,17:12.0,training-sprint2_HCM-229,::1,17:12.0,training-sprint2_HCM-229,::1,0,NULL
1173054,1173001,1173018,NULL,Neither satisfied nor dissatisfied,0,0,NULL,0,NULL,NULL,0,1173054,0,17:12.0,training-sprint2_HCM-229,::1,17:12.0,training-sprint2_HCM-229,::1,0,NULL
1173055,1173001,1173019,NULL,Somewhat dissatisfied,0,0,NULL,0,NULL,NULL,0,1173055,0,17:12.0,training-sprint2_HCM-229,::1,17:12.0,training-sprint2_HCM-229,::1,0,NULL
1173056,1173001,1173020,NULL,Very dissatisfied,0,0,NULL,0,NULL,NULL,0,1173056,0,17:12.0,training-sprint2_HCM-229,::1,17:12.0,training-sprint2_HCM-229,::1,0,NULL
1173057,1173002,1173016,NULL,Very satisfied,0,0,NULL,0,NULL,NULL,0,1173057,0,17:39.1,training-sprint2_HCM-229,::1,17:39.1,training-sprint2_HCM-229,::1,0,NULL
1173058,1173002,1173017,NULL,Somewhat satisfied,0,0,NULL,0,NULL,NULL,0,1173058,0,17:39.1,training-sprint2_HCM-229,::1,17:39.1,training-sprint2_HCM-229,::1,0,NULL
1173059,1173002,1173018,NULL,Neither satisfied nor dissatisfied,0,0,NULL,0,NULL,NULL,0,1173059,0,17:39.1,training-sprint2_HCM-229,::1,17:39.1,training-sprint2_HCM-229,::1,0,NULL
1173060,1173002,1173019,NULL,Somewhat dissatisfied,0,0,NULL,0,NULL,NULL,0,1173060,0,17:39.1,training-sprint2_HCM-229,::1,17:39.1,training-sprint2_HCM-229,::1,0,NULL
1173061,1173002,1173020,NULL,Very dissatisfied,0,0,NULL,0,NULL,NULL,0,1173061,0,17:39.1,training-sprint2_HCM-229,::1,17:39.1,training-sprint2_HCM-229,::1,0,NULL
1173012,1173003,NULL,NULL,Too many distractions at home,0,0,NULL,1,NULL,NULL,0,1173012,0,44:53.0,training-sprint1_Review_Survey_A6,::1,48:03.5,training-sprint1_Review_Survey_A6,::1,1,NULL
1173013,1173003,NULL,NULL,Childcare,0,0,NULL,2,NULL,NULL,0,1173013,0,44:53.0,training-sprint1_Review_Survey_A6,::1,48:03.5,training-sprint1_Review_Survey_A6,::1,1,NULL
1173014,1173003,NULL,NULL,Internet connectivity,0,0,NULL,3,NULL,NULL,0,1173014,0,44:53.0,training-sprint1_Review_Survey_A6,::1,48:03.5,training-sprint1_Review_Survey_A6,::1,1,NULL
1173015,1173003,NULL,NULL,Social isolation,0,0,NULL,4,NULL,NULL,0,1173015,0,44:53.0,training-sprint1_Review_Survey_A6,::1,48:03.5,training-sprint1_Review_Survey_A6,::1,1,NULL
1173016,1173003,NULL,NULL,Narrow physical workspace,0,0,NULL,5,NULL,NULL,0,1173016,0,44:53.0,training-sprint1_Review_Survey_A6,::1,48:03.5,training-sprint1_Review_Survey_A6,::1,1,NULL
1173017,1173003,NULL,NULL,Not efficient communication with coworkers,0,0,NULL,6,NULL,NULL,0,1173017,0,44:53.0,training-sprint1_Review_Survey_A6,::1,48:03.5,training-sprint1_Review_Survey_A6,::1,1,NULL
1173018,1173003,NULL,NULL,Lack of resources and tools,0,0,NULL,7,NULL,NULL,0,1173018,0,44:53.0,training-sprint1_Review_Survey_A6,::1,48:03.5,training-sprint1_Review_Survey_A6,::1,1,NULL
1173019,1173003,NULL,NULL,Stay at work is taking much longer than when I’m in the office,0,0,NULL,8,NULL,NULL,0,1173019,0,44:53.0,training-sprint1_Review_Survey_A6,::1,48:03.5,training-sprint1_Review_Survey_A6,::1,1,NULL
1173020,1173003,NULL,NULL,I feel physically more stressed,0,0,NULL,9,NULL,NULL,0,1173020,0,44:53.0,training-sprint1_Review_Survey_A6,::1,48:03.5,training-sprint1_Review_Survey_A6,::1,1,NULL
1173021,1173003,NULL,NULL,Other (please specify),1,0,NULL,10,NULL,NULL,0,1173021,0,44:53.0,training-sprint1_Review_Survey_A6,::1,48:03.5,training-sprint1_Review_Survey_A6,::1,1,NULL
1173027,1173004,1173021,NULL,Yes,0,0,NULL,1,NULL,NULL,0,1173027,0,49:58.5,training-sprint1_Review_Survey_A6,::1,50:30.0,training-sprint1_Review_Survey_A6,::1,1,NULL
1173026,1173004,1173022,NULL,No,1,0,NULL,2,NULL,NULL,0,1173026,0,49:58.5,training-sprint1_Review_Survey_A6,::1,50:30.0,training-sprint1_Review_Survey_A6,::1,1,NULL
1173028,1173005,1173021,NULL,Yes,0,0,NULL,1,NULL,NULL,0,1173028,0,51:11.6,training-sprint1_Review_Survey_A6,::1,51:11.6,training-sprint1_Review_Survey_A6,::1,0,NULL
1173029,1173005,1173022,NULL,No,0,0,NULL,2,NULL,NULL,0,1173029,0,51:11.6,training-sprint1_Review_Survey_A6,::1,51:11.6,training-sprint1_Review_Survey_A6,::1,0,NULL
1173030,1173006,1173023,NULL,Every day,0,0,NULL,1,NULL,NULL,0,1173030,0,53:30.5,training-sprint1_Review_Survey_A6,::1,53:30.5,training-sprint1_Review_Survey_A6,::1,0,NULL
1173031,1173006,1173024,NULL,Most days,0,0,NULL,2,NULL,NULL,0,1173031,0,53:30.5,training-sprint1_Review_Survey_A6,::1,53:30.5,training-sprint1_Review_Survey_A6,::1,0,NULL
1173032,1173006,1173025,NULL,Half of the working days,0,0,NULL,3,NULL,NULL,0,1173032,0,53:30.5,training-sprint1_Review_Survey_A6,::1,53:30.5,training-sprint1_Review_Survey_A6,::1,0,NULL
1173033,1173006,1173026,NULL,Rarely,0,0,NULL,4,NULL,NULL,0,1173033,0,53:30.5,training-sprint1_Review_Survey_A6,::1,53:30.5,training-sprint1_Review_Survey_A6,::1,0,NULL
1173034,1173006,1173027,NULL,Never,0,0,NULL,5,NULL,NULL,0,1173034,0,53:30.5,training-sprint1_Review_Survey_A6,::1,53:30.5,training-sprint1_Review_Survey_A6,::1,0,NULL
1173062,1173007,1173028,NULL,Strongly agree,1,0,NULL,0,NULL,NULL,0,1173062,0,20:13.5,training-sprint2_HCM-229,::1,20:13.5,training-sprint2_HCM-229,::1,0,NULL
1173063,1173007,1173029,NULL,Agree,1,0,NULL,0,NULL,NULL,0,1173063,0,20:13.5,training-sprint2_HCM-229,::1,20:13.5,training-sprint2_HCM-229,::1,0,NULL
1173064,1173007,1173030,NULL,Neither agree nor disagree,1,0,NULL,0,NULL,NULL,0,1173064,0,20:13.5,training-sprint2_HCM-229,::1,20:13.5,training-sprint2_HCM-229,::1,0,NULL
1173065,1173007,1173031,NULL,Somewhat disagree,1,0,NULL,0,NULL,NULL,0,1173065,0,20:13.5,training-sprint2_HCM-229,::1,20:13.5,training-sprint2_HCM-229,::1,0,NULL
1173066,1173007,1173032,NULL,Disagree,1,0,NULL,0,NULL,NULL,0,1173066,0,20:13.5,training-sprint2_HCM-229,::1,20:13.5,training-sprint2_HCM-229,::1,0,NULL
1173067,1173007,1173033,NULL,Strongly disagree,1,0,NULL,0,NULL,NULL,0,1173067,0,20:13.5,training-sprint2_HCM-229,::1,20:13.5,training-sprint2_HCM-229,::1,0,NULL
1173037,1173008,NULL,NULL,Keeping enough free time for family,0,0,NULL,1,NULL,NULL,0,1173037,0,58:10.3,training-sprint1_Review_Survey_A6,::1,58:10.3,training-sprint1_Review_Survey_A6,::1,0,NULL
1173038,1173008,NULL,NULL,Having a good relationship with colleagues,0,0,NULL,2,NULL,NULL,0,1173038,0,58:10.3,training-sprint1_Review_Survey_A6,::1,58:10.3,training-sprint1_Review_Survey_A6,::1,0,NULL
1173039,1173008,NULL,NULL,Having a good relationship with my manager,0,0,NULL,3,NULL,NULL,0,1173039,0,58:10.3,training-sprint1_Review_Survey_A6,::1,58:10.3,training-sprint1_Review_Survey_A6,::1,0,NULL
1173040,1173008,NULL,NULL,Not spending more than 2 hours per day to reach the workplace,0,0,NULL,4,NULL,NULL,0,1173040,0,58:10.3,training-sprint1_Review_Survey_A6,::1,58:10.3,training-sprint1_Review_Survey_A6,::1,0,NULL
5100035,1173011,NULL,5100004,Not at all likely,0,0,NULL,0,NULL,NULL,0,5100035,0,37:42.7,CARDILLI,172.25.2.40,37:42.7,CARDILLI,172.25.2.40,0,NULL
5100036,1173011,NULL,1173040,1,0,0,NULL,0,NULL,NULL,0,5100036,0,37:42.7,CARDILLI,172.25.2.40,37:42.7,CARDILLI,172.25.2.40,0,NULL
5100037,1173011,NULL,1173041,2,0,0,NULL,0,NULL,NULL,0,5100037,0,37:42.7,CARDILLI,172.25.2.40,37:42.7,CARDILLI,172.25.2.40,0,NULL
5100038,1173011,NULL,1173042,3,0,0,NULL,0,NULL,NULL,0,5100038,0,37:42.7,CARDILLI,172.25.2.40,37:42.7,CARDILLI,172.25.2.40,0,NULL
5100039,1173011,NULL,1173043,4,0,0,NULL,0,NULL,NULL,0,5100039,0,37:42.7,CARDILLI,172.25.2.40,37:42.7,CARDILLI,172.25.2.40,0,NULL
5100040,1173011,NULL,1173044,5,0,0,NULL,0,NULL,NULL,0,5100040,0,37:42.7,CARDILLI,172.25.2.40,37:42.7,CARDILLI,172.25.2.40,0,NULL
5100041,1173011,NULL,1173045,6,0,0,NULL,0,NULL,NULL,0,5100041,0,37:42.7,CARDILLI,172.25.2.40,37:42.7,CARDILLI,172.25.2.40,0,NULL
5100042,1173011,NULL,1173046,7,0,0,NULL,0,NULL,NULL,0,5100042,0,37:42.7,CARDILLI,172.25.2.40,37:42.7,CARDILLI,172.25.2.40,0,NULL
5100043,1173011,NULL,1173047,8,0,0,NULL,0,NULL,NULL,0,5100043,0,37:42.7,CARDILLI,172.25.2.40,37:42.7,CARDILLI,172.25.2.40,0,NULL
5100044,1173011,NULL,1173048,9,0,0,NULL,0,NULL,NULL,0,5100044,0,37:42.7,CARDILLI,172.25.2.40,37:42.7,CARDILLI,172.25.2.40,0,NULL
5100045,1173011,NULL,1173049,Extremely likely,0,0,NULL,0,NULL,NULL,0,5100045,0,37:42.7,CARDILLI,172.25.2.40,37:42.7,CARDILLI,172.25.2.40,0,NULL
1173078,1173012,1173016,NULL,Very satisfied,0,0,NULL,0,NULL,NULL,0,1173078,0,26:08.3,training-sprint2_HCM-229,::1,26:08.3,training-sprint2_HCM-229,::1,0,NULL
1173079,1173012,1173017,NULL,Somewhat satisfied,0,0,NULL,0,NULL,NULL,0,1173079,0,26:08.3,training-sprint2_HCM-229,::1,26:08.3,training-sprint2_HCM-229,::1,0,NULL
1173080,1173012,1173018,NULL,Neither satisfied nor dissatisfied,0,0,NULL,0,NULL,NULL,0,1173080,0,26:08.3,training-sprint2_HCM-229,::1,26:08.3,training-sprint2_HCM-229,::1,0,NULL
1173081,1173012,1173019,NULL,Somewhat dissatisfied,0,0,NULL,0,NULL,NULL,0,1173081,0,26:08.3,training-sprint2_HCM-229,::1,26:08.3,training-sprint2_HCM-229,::1,0,NULL
1173082,1173012,1173020,NULL,Very dissatisfied,0,0,NULL,0,NULL,NULL,0,1173082,0,26:08.3,training-sprint2_HCM-229,::1,26:08.3,training-sprint2_HCM-229,::1,0,NULL
1173083,1173013,1173016,NULL,Very satisfied,0,0,NULL,0,NULL,NULL,0,1173083,0,26:44.3,training-sprint2_HCM-229,::1,26:44.3,training-sprint2_HCM-229,::1,0,NULL
1173084,1173013,1173017,NULL,Somewhat satisfied,0,0,NULL,0,NULL,NULL,0,1173084,0,26:44.3,training-sprint2_HCM-229,::1,26:44.3,training-sprint2_HCM-229,::1,0,NULL
1173085,1173013,1173018,NULL,Neither satisfied nor dissatisfied,0,0,NULL,0,NULL,NULL,0,1173085,0,26:44.3,training-sprint2_HCM-229,::1,26:44.3,training-sprint2_HCM-229,::1,0,NULL
1173086,1173013,1173019,NULL,Somewhat dissatisfied,0,0,NULL,0,NULL,NULL,0,1173086,0,26:44.3,training-sprint2_HCM-229,::1,26:44.3,training-sprint2_HCM-229,::1,0,NULL
1173087,1173013,1173020,NULL,Very dissatisfied,0,0,NULL,0,NULL,NULL,0,1173087,0,26:44.3,training-sprint2_HCM-229,::1,26:44.3,training-sprint2_HCM-229,::1,0,NULL
1173088,1173014,1173028,NULL,Strongly agree,0,0,NULL,0,NULL,NULL,0,1173088,0,27:11.5,training-sprint2_HCM-229,::1,27:11.5,training-sprint2_HCM-229,::1,0,NULL
1173089,1173014,1173029,NULL,Agree,0,0,NULL,0,NULL,NULL,0,1173089,0,27:11.5,training-sprint2_HCM-229,::1,27:11.5,training-sprint2_HCM-229,::1,0,NULL
1173090,1173014,1173030,NULL,Neither agree nor disagree,0,0,NULL,0,NULL,NULL,0,1173090,0,27:11.5,training-sprint2_HCM-229,::1,27:11.5,training-sprint2_HCM-229,::1,0,NULL
1173091,1173014,1173031,NULL,Somewhat disagree,0,0,NULL,0,NULL,NULL,0,1173091,0,27:11.5,training-sprint2_HCM-229,::1,27:11.5,training-sprint2_HCM-229,::1,0,NULL
1173092,1173014,1173032,NULL,Disagree,0,0,NULL,0,NULL,NULL,0,1173092,0,27:11.5,training-sprint2_HCM-229,::1,27:11.5,training-sprint2_HCM-229,::1,0,NULL
1173093,1173014,1173033,NULL,Strongly disagree,0,0,NULL,0,NULL,NULL,0,1173093,0,27:11.5,training-sprint2_HCM-229,::1,27:11.5,training-sprint2_HCM-229,::1,0,NULL
1173094,1173015,1173021,NULL,Yes,0,0,NULL,0,NULL,NULL,0,1173094,0,27:51.4,training-sprint2_HCM-229,::1,27:51.4,training-sprint2_HCM-229,::1,0,NULL
1173095,1173015,1173022,NULL,No,1,0,NULL,0,NULL,NULL,0,1173095,0,27:51.4,training-sprint2_HCM-229,::1,27:51.4,training-sprint2_HCM-229,::1,0,NULL
1173096,1173016,1173034,NULL,Always,0,0,NULL,0,NULL,NULL,0,1173096,0,28:47.0,training-sprint2_HCM-229,::1,28:47.0,training-sprint2_HCM-229,::1,0,NULL
1173097,1173016,1173035,NULL,Very often,0,0,NULL,0,NULL,NULL,0,1173097,0,28:47.0,training-sprint2_HCM-229,::1,28:47.0,training-sprint2_HCM-229,::1,0,NULL
1173098,1173016,1173036,NULL,Often,0,0,NULL,0,NULL,NULL,0,1173098,0,28:47.0,training-sprint2_HCM-229,::1,28:47.0,training-sprint2_HCM-229,::1,0,NULL
1173099,1173016,1173037,NULL,Sometimes,0,0,NULL,0,NULL,NULL,0,1173099,0,28:47.0,training-sprint2_HCM-229,::1,28:47.0,training-sprint2_HCM-229,::1,0,NULL
1173100,1173016,1173038,NULL,Rarely,0,0,NULL,0,NULL,NULL,0,1173100,0,28:47.0,training-sprint2_HCM-229,::1,28:47.0,training-sprint2_HCM-229,::1,0,NULL
1173101,1173016,1173039,NULL,Never,0,0,NULL,0,NULL,NULL,0,1173101,0,28:47.0,training-sprint2_HCM-229,::1,28:47.0,training-sprint2_HCM-229,::1,0,NULL
1173102,1173017,NULL,NULL,None,0,0,NULL,1,NULL,NULL,0,1173102,0,30:11.9,training-sprint2_HCM-229,::1,30:11.9,training-sprint2_HCM-229,::1,0,NULL
1173103,1173017,NULL,NULL,Patience,0,0,NULL,2,NULL,NULL,0,1173103,0,30:11.9,training-sprint2_HCM-229,::1,30:11.9,training-sprint2_HCM-229,::1,0,NULL
1173104,1173017,NULL,NULL,Leadership,0,0,NULL,3,NULL,NULL,0,1173104,0,30:11.9,training-sprint2_HCM-229,::1,30:11.9,training-sprint2_HCM-229,::1,0,NULL
1173105,1173017,NULL,NULL,Empathy,0,0,NULL,4,NULL,NULL,0,1173105,0,30:11.9,training-sprint2_HCM-229,::1,30:11.9,training-sprint2_HCM-229,::1,0,NULL
1173106,1173017,NULL,NULL,Communication,0,0,NULL,5,NULL,NULL,0,1173106,0,30:11.9,training-sprint2_HCM-229,::1,30:11.9,training-sprint2_HCM-229,::1,0,NULL
1173107,1173017,NULL,NULL,Ambition,0,0,NULL,6,NULL,NULL,0,1173107,0,30:11.9,training-sprint2_HCM-229,::1,30:11.9,training-sprint2_HCM-229,::1,0,NULL
1173108,1173018,1173028,NULL,Strongly agree,0,0,NULL,0,NULL,NULL,0,1173108,0,31:56.9,training-sprint2_HCM-229,::1,31:56.9,training-sprint2_HCM-229,::1,0,NULL
1173109,1173018,1173029,NULL,Agree,0,0,NULL,0,NULL,NULL,0,1173109,0,31:56.9,training-sprint2_HCM-229,::1,31:56.9,training-sprint2_HCM-229,::1,0,NULL
1173110,1173018,1173030,NULL,Neither agree nor disagree,0,0,NULL,0,NULL,NULL,0,1173110,0,31:56.9,training-sprint2_HCM-229,::1,31:56.9,training-sprint2_HCM-229,::1,0,NULL
1173111,1173018,1173031,NULL,Somewhat disagree,0,0,NULL,0,NULL,NULL,0,1173111,0,31:56.9,training-sprint2_HCM-229,::1,31:56.9,training-sprint2_HCM-229,::1,0,NULL
1173112,1173018,1173032,NULL,Disagree,0,0,NULL,0,NULL,NULL,0,1173112,0,31:56.9,training-sprint2_HCM-229,::1,31:56.9,training-sprint2_HCM-229,::1,0,NULL
1173113,1173018,1173033,NULL,Strongly disagree,0,0,NULL,0,NULL,NULL,0,1173113,0,31:56.9,training-sprint2_HCM-229,::1,31:56.9,training-sprint2_HCM-229,::1,0,NULL
1173114,1173019,NULL,NULL,Relationship with colleagues,0,0,NULL,1,NULL,NULL,0,1173114,0,33:29.8,training-sprint2_HCM-229,::1,33:29.8,training-sprint2_HCM-229,::1,0,NULL
1173115,1173019,NULL,NULL,Relationship with my manager,0,0,NULL,2,NULL,NULL,0,1173115,0,33:29.8,training-sprint2_HCM-229,::1,33:29.8,training-sprint2_HCM-229,::1,0,NULL
1173116,1173019,NULL,NULL,The workplace,0,0,NULL,3,NULL,NULL,0,1173116,0,33:29.8,training-sprint2_HCM-229,::1,33:29.8,training-sprint2_HCM-229,::1,0,NULL
1173117,1173019,NULL,NULL,Duties I was assigned to,0,0,NULL,4,NULL,NULL,0,1173117,0,33:29.8,training-sprint2_HCM-229,::1,33:29.8,training-sprint2_HCM-229,::1,0,NULL
1173118,1173019,NULL,NULL,Working far from home,0,0,NULL,5,NULL,NULL,0,1173118,0,33:29.8,training-sprint2_HCM-229,::1,33:29.8,training-sprint2_HCM-229,::1,0,NULL
1173119,1173019,NULL,NULL,Extra time work,0,0,NULL,6,NULL,NULL,0,1173119,0,33:29.8,training-sprint2_HCM-229,::1,33:29.8,training-sprint2_HCM-229,::1,0,NULL
5100046,1173020,NULL,5100004,Not at all likely,0,0,NULL,0,NULL,NULL,0,5100046,0,39:11.0,CARDILLI,172.25.2.40,39:11.0,CARDILLI,172.25.2.40,0,NULL
5100047,1173020,NULL,1173040,1,0,0,NULL,0,NULL,NULL,0,5100047,0,39:11.0,CARDILLI,172.25.2.40,39:11.0,CARDILLI,172.25.2.40,0,NULL
5100048,1173020,NULL,1173041,2,0,0,NULL,0,NULL,NULL,0,5100048,0,39:11.0,CARDILLI,172.25.2.40,39:11.0,CARDILLI,172.25.2.40,0,NULL
5100049,1173020,NULL,1173042,3,0,0,NULL,0,NULL,NULL,0,5100049,0,39:11.0,CARDILLI,172.25.2.40,39:11.0,CARDILLI,172.25.2.40,0,NULL
5100050,1173020,NULL,1173043,4,0,0,NULL,0,NULL,NULL,0,5100050,0,39:11.0,CARDILLI,172.25.2.40,39:11.0,CARDILLI,172.25.2.40,0,NULL
5100051,1173020,NULL,1173044,5,0,0,NULL,0,NULL,NULL,0,5100051,0,39:11.0,CARDILLI,172.25.2.40,39:11.0,CARDILLI,172.25.2.40,0,NULL
5100052,1173020,NULL,1173045,6,0,0,NULL,0,NULL,NULL,0,5100052,0,39:11.0,CARDILLI,172.25.2.40,39:11.0,CARDILLI,172.25.2.40,0,NULL
5100053,1173020,NULL,1173046,7,0,0,NULL,0,NULL,NULL,0,5100053,0,39:11.0,CARDILLI,172.25.2.40,39:11.0,CARDILLI,172.25.2.40,0,NULL
5100054,1173020,NULL,1173047,8,0,0,NULL,0,NULL,NULL,0,5100054,0,39:11.0,CARDILLI,172.25.2.40,39:11.0,CARDILLI,172.25.2.40,0,NULL
5100055,1173020,NULL,1173048,9,0,0,NULL,0,NULL,NULL,0,5100055,0,39:11.0,CARDILLI,172.25.2.40,39:11.0,CARDILLI,172.25.2.40,0,NULL
5100056,1173020,NULL,1173049,Extremely likely,0,0,NULL,0,NULL,NULL,0,5100056,0,39:11.0,CARDILLI,172.25.2.40,39:11.0,CARDILLI,172.25.2.40,0,NULL
1173120,1173022,1173021,NULL,Yes,0,0,NULL,0,NULL,NULL,0,1173120,0,32:51.0,absence-sprint15_HCM-onboarding_Campanelli_21,::1,32:51.0,absence-sprint15_HCM-onboarding_Campanelli_21,::1,0,NULL
1173121,1173022,1173022,NULL,No,0,0,NULL,0,NULL,NULL,0,1173121,0,32:51.0,absence-sprint15_HCM-onboarding_Campanelli_21,::1,32:51.0,absence-sprint15_HCM-onboarding_Campanelli_21,::1,0,NULL
1173122,1173023,1173021,NULL,Yes,0,0,NULL,0,NULL,NULL,0,1173122,0,36:40.7,absence-sprint15_HCM-onboarding_Campanelli_21,::1,36:40.7,absence-sprint15_HCM-onboarding_Campanelli_21,::1,0,NULL
1173123,1173023,1173022,NULL,No,0,0,NULL,0,NULL,NULL,0,1173123,0,36:40.7,absence-sprint15_HCM-onboarding_Campanelli_21,::1,36:40.7,absence-sprint15_HCM-onboarding_Campanelli_21,::1,0,NULL
1173124,1173024,1173028,NULL,Strongly agree,0,0,NULL,0,NULL,NULL,0,1173124,0,38:26.5,absence-sprint15_HCM-onboarding_Campanelli_21,::1,38:26.5,absence-sprint15_HCM-onboarding_Campanelli_21,::1,0,NULL
1173125,1173024,1173029,NULL,Agree,0,0,NULL,0,NULL,NULL,0,1173125,0,38:26.5,absence-sprint15_HCM-onboarding_Campanelli_21,::1,38:26.5,absence-sprint15_HCM-onboarding_Campanelli_21,::1,0,NULL
1173126,1173024,1173030,NULL,Neither agree nor disagree,0,0,NULL,0,NULL,NULL,0,1173126,0,38:26.5,absence-sprint15_HCM-onboarding_Campanelli_21,::1,38:26.5,absence-sprint15_HCM-onboarding_Campanelli_21,::1,0,NULL
1173127,1173024,1173031,NULL,Somewhat disagree,0,0,NULL,0,NULL,NULL,0,1173127,0,38:26.5,absence-sprint15_HCM-onboarding_Campanelli_21,::1,38:26.5,absence-sprint15_HCM-onboarding_Campanelli_21,::1,0,NULL
1173128,1173024,1173032,NULL,Disagree,0,0,NULL,0,NULL,NULL,0,1173128,0,38:26.5,absence-sprint15_HCM-onboarding_Campanelli_21,::1,38:26.5,absence-sprint15_HCM-onboarding_Campanelli_21,::1,0,NULL
1173129,1173024,1173033,NULL,Strongly disagree,0,0,NULL,0,NULL,NULL,0,1173129,0,38:26.5,absence-sprint15_HCM-onboarding_Campanelli_21,::1,38:26.5,absence-sprint15_HCM-onboarding_Campanelli_21,::1,0,NULL
1173130,1173025,1173028,NULL,Strongly agree,0,0,NULL,0,NULL,NULL,0,1173130,0,39:12.4,absence-sprint15_HCM-onboarding_Campanelli_21,::1,39:12.4,absence-sprint15_HCM-onboarding_Campanelli_21,::1,0,NULL
1173131,1173025,1173029,NULL,Agree,0,0,NULL,0,NULL,NULL,0,1173131,0,39:12.4,absence-sprint15_HCM-onboarding_Campanelli_21,::1,39:12.4,absence-sprint15_HCM-onboarding_Campanelli_21,::1,0,NULL
1173132,1173025,1173030,NULL,Neither agree nor disagree,0,0,NULL,0,NULL,NULL,0,1173132,0,39:12.4,absence-sprint15_HCM-onboarding_Campanelli_21,::1,39:12.4,absence-sprint15_HCM-onboarding_Campanelli_21,::1,0,NULL
1173133,1173025,1173031,NULL,Somewhat disagree,0,0,NULL,0,NULL,NULL,0,1173133,0,39:12.4,absence-sprint15_HCM-onboarding_Campanelli_21,::1,39:12.4,absence-sprint15_HCM-onboarding_Campanelli_21,::1,0,NULL
1173134,1173025,1173032,NULL,Disagree,0,0,NULL,0,NULL,NULL,0,1173134,0,39:12.4,absence-sprint15_HCM-onboarding_Campanelli_21,::1,39:12.4,absence-sprint15_HCM-onboarding_Campanelli_21,::1,0,NULL
1173135,1173025,1173033,NULL,Strongly disagree,0,0,NULL,0,NULL,NULL,0,1173135,0,39:12.4,absence-sprint15_HCM-onboarding_Campanelli_21,::1,39:12.4,absence-sprint15_HCM-onboarding_Campanelli_21,::1,0,NULL
1146096,1173026,NULL,1146020,Not at all likely,0,0,NULL,0,NULL,NULL,0,1146096,0,15:44.6,PS21000070_FabioTranslations,::1,15:44.6,PS21000070_FabioTranslations,::1,0,NULL
1146097,1173026,NULL,1173040,1,0,0,NULL,0,NULL,NULL,0,1146097,0,15:44.6,PS21000070_FabioTranslations,::1,15:44.6,PS21000070_FabioTranslations,::1,0,NULL
1146098,1173026,NULL,1173041,2,0,0,NULL,0,NULL,NULL,0,1146098,0,15:44.6,PS21000070_FabioTranslations,::1,15:44.6,PS21000070_FabioTranslations,::1,0,NULL
1146099,1173026,NULL,1173042,3,0,0,NULL,0,NULL,NULL,0,1146099,0,15:44.6,PS21000070_FabioTranslations,::1,15:44.6,PS21000070_FabioTranslations,::1,0,NULL
1146100,1173026,NULL,1173043,4,0,0,NULL,0,NULL,NULL,0,1146100,0,15:44.6,PS21000070_FabioTranslations,::1,15:44.6,PS21000070_FabioTranslations,::1,0,NULL
1146101,1173026,NULL,1173044,5,0,0,NULL,0,NULL,NULL,0,1146101,0,15:44.6,PS21000070_FabioTranslations,::1,15:44.6,PS21000070_FabioTranslations,::1,0,NULL
1146102,1173026,NULL,1173045,6,0,0,NULL,0,NULL,NULL,0,1146102,0,15:44.6,PS21000070_FabioTranslations,::1,15:44.6,PS21000070_FabioTranslations,::1,0,NULL
1146103,1173026,NULL,1173046,7,0,0,NULL,0,NULL,NULL,0,1146103,0,15:44.6,PS21000070_FabioTranslations,::1,15:44.6,PS21000070_FabioTranslations,::1,0,NULL
1146104,1173026,NULL,1173047,8,0,0,NULL,0,NULL,NULL,0,1146104,0,15:44.6,PS21000070_FabioTranslations,::1,15:44.6,PS21000070_FabioTranslations,::1,0,NULL
1146105,1173026,NULL,1173048,9,0,0,NULL,0,NULL,NULL,0,1146105,0,15:44.6,PS21000070_FabioTranslations,::1,15:44.6,PS21000070_FabioTranslations,::1,0,NULL
1146106,1173026,NULL,1173049,Extremely likely,0,0,NULL,0,NULL,NULL,0,1146106,0,15:44.6,PS21000070_FabioTranslations,::1,15:44.6,PS21000070_FabioTranslations,::1,0,NULL
1173146,1173028,NULL,NULL,Team working,0,0,NULL,1,NULL,NULL,0,1173146,0,33:00.4,absence-sprint15_HCM-onboarding_Campanelli_21,::1,33:00.4,absence-sprint15_HCM-onboarding_Campanelli_21,::1,0,NULL
1173147,1173028,NULL,NULL,Initiative,0,0,NULL,2,NULL,NULL,0,1173147,0,33:00.4,absence-sprint15_HCM-onboarding_Campanelli_21,::1,33:00.4,absence-sprint15_HCM-onboarding_Campanelli_21,::1,0,NULL
1173148,1173028,NULL,NULL,Leadership,0,0,NULL,3,NULL,NULL,0,1173148,0,33:00.4,absence-sprint15_HCM-onboarding_Campanelli_21,::1,33:00.4,absence-sprint15_HCM-onboarding_Campanelli_21,::1,0,NULL
1173149,1173031,1173034,NULL,Always,0,0,NULL,0,NULL,NULL,0,1173149,0,44:23.2,absence-sprint15_HCM-onboarding_Campanelli_23,::1,44:23.2,absence-sprint15_HCM-onboarding_Campanelli_23,::1,0,NULL
1173150,1173031,1173035,NULL,Very often,0,0,NULL,0,NULL,NULL,0,1173150,0,44:23.2,absence-sprint15_HCM-onboarding_Campanelli_23,::1,44:23.2,absence-sprint15_HCM-onboarding_Campanelli_23,::1,0,NULL
1173151,1173031,1173036,NULL,Often,0,0,NULL,0,NULL,NULL,0,1173151,0,44:23.2,absence-sprint15_HCM-onboarding_Campanelli_23,::1,44:23.2,absence-sprint15_HCM-onboarding_Campanelli_23,::1,0,NULL
1173152,1173031,1173037,NULL,Sometimes,0,0,NULL,0,NULL,NULL,0,1173152,0,44:23.2,absence-sprint15_HCM-onboarding_Campanelli_23,::1,44:23.2,absence-sprint15_HCM-onboarding_Campanelli_23,::1,0,NULL
1173153,1173031,1173038,NULL,Rarely,0,0,NULL,0,NULL,NULL,0,1173153,0,44:23.2,absence-sprint15_HCM-onboarding_Campanelli_23,::1,44:23.2,absence-sprint15_HCM-onboarding_Campanelli_23,::1,0,NULL
1173154,1173031,1173039,NULL,Never,0,0,NULL,0,NULL,NULL,0,1173154,0,44:23.2,absence-sprint15_HCM-onboarding_Campanelli_23,::1,44:23.2,absence-sprint15_HCM-onboarding_Campanelli_23,::1,0,NULL
1173155,1173032,NULL,NULL,Working with Teammates,0,0,NULL,1,NULL,NULL,0,1173155,0,48:17.9,absence-sprint15_HCM-onboarding_Campanelli_23,::1,48:17.9,absence-sprint15_HCM-onboarding_Campanelli_23,::1,0,NULL
1173156,1173032,NULL,NULL,Support from HR,0,0,NULL,2,NULL,NULL,0,1173156,0,48:17.9,absence-sprint15_HCM-onboarding_Campanelli_23,::1,48:17.9,absence-sprint15_HCM-onboarding_Campanelli_23,::1,0,NULL
1173157,1173032,NULL,NULL,Support from Administration,0,0,NULL,3,NULL,NULL,0,1173157,0,48:17.9,absence-sprint15_HCM-onboarding_Campanelli_23,::1,48:17.9,absence-sprint15_HCM-onboarding_Campanelli_23,::1,0,NULL
1173158,1173032,NULL,NULL,Support from IT Department,0,0,NULL,4,NULL,NULL,0,1173158,0,48:17.9,absence-sprint15_HCM-onboarding_Campanelli_23,::1,48:17.9,absence-sprint15_HCM-onboarding_Campanelli_23,::1,0,NULL
1173159,1173032,NULL,NULL,Coaching and Mentoring,0,0,NULL,5,NULL,NULL,0,1173159,0,48:17.9,absence-sprint15_HCM-onboarding_Campanelli_23,::1,48:17.9,absence-sprint15_HCM-onboarding_Campanelli_23,::1,0,NULL
1173160,1173032,NULL,NULL,Training received,0,0,NULL,6,NULL,NULL,0,1173160,0,48:17.9,absence-sprint15_HCM-onboarding_Campanelli_23,::1,48:17.9,absence-sprint15_HCM-onboarding_Campanelli_23,::1,0,NULL
1175901,1175901,NULL,NULL,Ideal profile,0,0,4,0,NULL,NULL,0,1175901,0,17:47.6,sprint31_HCM-1759,::1,17:47.6,sprint31_HCM-1759,::1,0,NULL
1175902,1175901,NULL,NULL,Meets Requirements,0,0,0,0,NULL,NULL,0,1175902,0,17:47.6,sprint31_HCM-1759,::1,16:44.6,sprint31_HCM-1759,::1,3,NULL
1175903,1175901,NULL,NULL,Needs Training,0,0,0,0,NULL,NULL,0,1175903,0,17:47.6,sprint31_HCM-1759,::1,47:59.3,HRPROF,::1,1,NULL
1175904,1175901,NULL,NULL,Doesn't meet requirements,0,0,0,0,NULL,NULL,0,1175904,0,17:47.6,sprint31_HCM-1759,::1,47:59.3,HRPROF,::1,1,NULL
1175905,1175902,NULL,NULL,Ideal profile,0,0,4,0,NULL,NULL,0,1175905,0,17:47.6,sprint31_HCM-1759,::1,17:47.6,sprint31_HCM-1759,::1,0,NULL
1175906,1175902,NULL,NULL,Meets Requirements,0,0,0,0,NULL,NULL,0,1175906,0,17:47.6,sprint31_HCM-1759,::1,48:06.5,HRPROF,::1,1,NULL
1175907,1175902,NULL,NULL,Needs Training,0,0,0,0,NULL,NULL,0,1175907,0,17:47.6,sprint31_HCM-1759,::1,48:06.5,HRPROF,::1,1,NULL
1175908,1175902,NULL,NULL,Doesn't meet requirements,0,0,0,0,NULL,NULL,0,1175908,0,17:47.6,sprint31_HCM-1759,::1,48:06.5,HRPROF,::1,1,NULL
1175909,1175903,NULL,NULL,Ideal profile,0,0,4,0,NULL,NULL,0,1175909,0,17:47.6,sprint31_HCM-1759,::1,17:47.6,sprint31_HCM-1759,::1,0,NULL
1175910,1175903,NULL,NULL,Meets Requirements,0,0,0,0,NULL,NULL,0,1175910,0,17:47.6,sprint31_HCM-1759,::1,48:14.5,HRPROF,::1,1,NULL
1175911,1175903,NULL,NULL,Needs Training,0,0,0,0,NULL,NULL,0,1175911,0,17:47.6,sprint31_HCM-1759,::1,48:14.5,HRPROF,::1,1,NULL
1175912,1175903,NULL,NULL,Doesn't meet requirements,0,0,0,0,NULL,NULL,0,1175912,0,17:47.6,sprint31_HCM-1759,::1,48:14.5,HRPROF,::1,1,NULL
1175913,1175904,NULL,NULL,Ideal profile,0,0,4,0,NULL,NULL,0,1175913,0,17:47.6,sprint31_HCM-1759,::1,17:47.6,sprint31_HCM-1759,::1,0,NULL
1175914,1175904,NULL,NULL,Meets Requirements,0,0,0,0,NULL,NULL,0,1175914,0,17:47.6,sprint31_HCM-1759,::1,48:21.8,HRPROF,::1,1,NULL
1175915,1175904,NULL,NULL,Needs Training,0,0,0,0,NULL,NULL,0,1175915,0,17:47.6,sprint31_HCM-1759,::1,48:21.8,HRPROF,::1,1,NULL
1175916,1175904,NULL,NULL,Doesn't meet requirements,0,0,0,0,NULL,NULL,0,1175916,0,17:47.6,sprint31_HCM-1759,::1,48:21.8,HRPROF,::1,1,NULL
1175917,1175905,NULL,NULL,Ideal profile,0,0,4,0,NULL,NULL,0,1175917,0,17:47.6,sprint31_HCM-1759,::1,17:47.6,sprint31_HCM-1759,::1,0,NULL
1175918,1175905,NULL,NULL,Meets Requirements,0,0,0,0,NULL,NULL,0,1175918,0,17:47.6,sprint31_HCM-1759,::1,48:30.1,HRPROF,::1,1,NULL
1175919,1175905,NULL,NULL,Needs Training,0,0,0,0,NULL,NULL,0,1175919,0,17:47.6,sprint31_HCM-1759,::1,48:30.1,HRPROF,::1,1,NULL
1175920,1175905,NULL,NULL,Doesn't meet requirements,0,0,0,0,NULL,NULL,0,1175920,0,17:47.6,sprint31_HCM-1759,::1,48:30.1,HRPROF,::1,1,NULL
1175921,1175906,NULL,NULL,Ideal profile,0,0,4,0,NULL,NULL,0,1175921,0,17:47.6,sprint31_HCM-1759,::1,17:47.6,sprint31_HCM-1759,::1,0,NULL
1175922,1175906,NULL,NULL,Meets Requirements,0,0,0,0,NULL,NULL,0,1175922,0,17:47.6,sprint31_HCM-1759,::1,48:37.7,HRPROF,::1,1,NULL
1175923,1175906,NULL,NULL,Needs Training,0,0,0,0,NULL,NULL,0,1175923,0,17:47.6,sprint31_HCM-1759,::1,48:37.7,HRPROF,::1,1,NULL
1175924,1175906,NULL,NULL,Doesn't meet requirements,0,0,0,0,NULL,NULL,0,1175924,0,17:47.6,sprint31_HCM-1759,::1,48:37.7,HRPROF,::1,1,NULL
1175925,1175907,NULL,NULL,Ideal profile,0,0,4,0,NULL,NULL,0,1175925,0,17:47.6,sprint31_HCM-1759,::1,17:47.6,sprint31_HCM-1759,::1,0,NULL
1175926,1175907,NULL,NULL,Meets Requirements,0,0,0,0,NULL,NULL,0,1175926,0,17:47.6,sprint31_HCM-1759,::1,48:45.4,HRPROF,::1,1,NULL
1175927,1175907,NULL,NULL,Needs Training,0,0,0,0,NULL,NULL,0,1175927,0,17:47.6,sprint31_HCM-1759,::1,48:45.4,HRPROF,::1,1,NULL
1175928,1175907,NULL,NULL,Doesn't meet requirements,0,0,0,0,NULL,NULL,0,1175928,0,17:47.6,sprint31_HCM-1759,::1,48:45.4,HRPROF,::1,1,NULL
1213249,1213249,NULL,NULL,0: Ineffective - The training had no positive impact on the employee's skills or performance. ,0,0,NULL,1,NULL,NULL,0,1213249,0,43:58.3,sprint62_HCM-3475,::1,43:58.3,sprint62_HCM-3475,::1,0,NULL
1213250,1213249,NULL,NULL,1: Somewhat Effective - The training had minimal impact on the employee's skills or performance.,0,0,NULL,2,NULL,NULL,0,1213250,0,43:58.3,sprint62_HCM-3475,::1,43:58.3,sprint62_HCM-3475,::1,0,NULL
1213251,1213249,NULL,NULL,"2: Moderately Effective - The training had a significant impact on the employee's skills or performance, but there is still room for improvement. ",0,0,NULL,3,NULL,NULL,0,1213251,0,43:58.3,sprint62_HCM-3475,::1,43:58.3,sprint62_HCM-3475,::1,0,NULL
1213252,1213249,NULL,NULL,"3: Highly Effective - The training had an extremely positive impact on the employee's skills or performance, and the results were clear and beneficial to the company.",0,0,NULL,4,NULL,NULL,0,1213252,0,43:58.3,sprint62_HCM-3475,::1,43:58.3,sprint62_HCM-3475,::1,0,NULL
1433827,1433827,1173028,NULL,Strongly agree,0,0,NULL,0,NULL,NULL,0,1433827,0,58:35.5,sprint62_HCM-3128,::1,58:35.5,sprint62_HCM-3128,::1,0,NULL
1433828,1433827,1173029,NULL,Agree,0,0,NULL,0,NULL,NULL,0,1433828,0,58:35.5,sprint62_HCM-3128,::1,58:35.5,sprint62_HCM-3128,::1,0,NULL
1433829,1433827,1173030,NULL,Neither agree nor disagree,0,0,NULL,0,NULL,NULL,0,1433829,0,58:35.5,sprint62_HCM-3128,::1,58:35.5,sprint62_HCM-3128,::1,0,NULL
1433830,1433827,1173031,NULL,Somewhat disagree,0,0,NULL,0,NULL,NULL,0,1433830,0,58:35.5,sprint62_HCM-3128,::1,58:35.5,sprint62_HCM-3128,::1,0,NULL
1433831,1433827,1173032,NULL,Disagree,0,0,NULL,0,NULL,NULL,0,1433831,0,58:35.5,sprint62_HCM-3128,::1,58:35.5,sprint62_HCM-3128,::1,0,NULL
1433832,1433827,1173033,NULL,Strongly disagree,0,0,NULL,0,NULL,NULL,0,1433832,0,58:35.5,sprint62_HCM-3128,::1,58:35.5,sprint62_HCM-3128,::1,0,NULL
1433833,1433828,1173028,NULL,Strongly agree,0,0,NULL,0,NULL,NULL,0,1433833,0,59:10.4,sprint62_HCM-3128,::1,59:10.4,sprint62_HCM-3128,::1,0,NULL
1433834,1433828,1173029,NULL,Agree,0,0,NULL,0,NULL,NULL,0,1433834,0,59:10.4,sprint62_HCM-3128,::1,59:10.4,sprint62_HCM-3128,::1,0,NULL
1433835,1433828,1173030,NULL,Neither agree nor disagree,0,0,NULL,0,NULL,NULL,0,1433835,0,59:10.4,sprint62_HCM-3128,::1,59:10.4,sprint62_HCM-3128,::1,0,NULL
1433836,1433828,1173031,NULL,Somewhat disagree,0,0,NULL,0,NULL,NULL,0,1433836,0,59:10.4,sprint62_HCM-3128,::1,59:10.4,sprint62_HCM-3128,::1,0,NULL
1433837,1433828,1173032,NULL,Disagree,0,0,NULL,0,NULL,NULL,0,1433837,0,59:10.4,sprint62_HCM-3128,::1,59:10.4,sprint62_HCM-3128,::1,0,NULL
1433838,1433828,1173033,NULL,Strongly disagree,0,0,NULL,0,NULL,NULL,0,1433838,0,59:10.4,sprint62_HCM-3128,::1,59:10.4,sprint62_HCM-3128,::1,0,NULL
1433839,1433829,1173028,NULL,Strongly agree,0,0,NULL,0,NULL,NULL,0,1433839,0,59:37.5,sprint62_HCM-3128,::1,59:37.5,sprint62_HCM-3128,::1,0,NULL
1433840,1433829,1173029,NULL,Agree,0,0,NULL,0,NULL,NULL,0,1433840,0,59:37.5,sprint62_HCM-3128,::1,59:37.5,sprint62_HCM-3128,::1,0,NULL
1433841,1433829,1173030,NULL,Neither agree nor disagree,0,0,NULL,0,NULL,NULL,0,1433841,0,59:37.5,sprint62_HCM-3128,::1,59:37.5,sprint62_HCM-3128,::1,0,NULL
1433842,1433829,1173031,NULL,Somewhat disagree,0,0,NULL,0,NULL,NULL,0,1433842,0,59:37.5,sprint62_HCM-3128,::1,59:37.5,sprint62_HCM-3128,::1,0,NULL
1433843,1433829,1173032,NULL,Disagree,0,0,NULL,0,NULL,NULL,0,1433843,0,59:37.5,sprint62_HCM-3128,::1,59:37.5,sprint62_HCM-3128,::1,0,NULL
1433844,1433829,1173033,NULL,Strongly disagree,0,0,NULL,0,NULL,NULL,0,1433844,0,59:37.5,sprint62_HCM-3128,::1,59:37.5,sprint62_HCM-3128,::1,0,NULL
1433857,1433857,1173028,NULL,Strongly agree,0,0,NULL,0,NULL,NULL,0,1433857,0,42:14.8,sprint62_HCM-3128,::1,42:14.8,sprint62_HCM-3128,::1,0,NULL
1433858,1433857,1173029,NULL,Agree,0,0,NULL,0,NULL,NULL,0,1433858,0,42:14.8,sprint62_HCM-3128,::1,42:14.8,sprint62_HCM-3128,::1,0,NULL
1433859,1433857,1173030,NULL,Neither agree nor disagree,0,0,NULL,0,NULL,NULL,0,1433859,0,42:14.8,sprint62_HCM-3128,::1,42:14.8,sprint62_HCM-3128,::1,0,NULL
1433860,1433857,1173031,NULL,Somewhat disagree,0,0,NULL,0,NULL,NULL,0,1433860,0,42:14.8,sprint62_HCM-3128,::1,42:14.8,sprint62_HCM-3128,::1,0,NULL
1433861,1433857,1173032,NULL,Disagree,0,0,NULL,0,NULL,NULL,0,1433861,0,42:14.8,sprint62_HCM-3128,::1,42:14.8,sprint62_HCM-3128,::1,0,NULL
1433862,1433857,1173033,NULL,Strongly disagree,0,0,NULL,0,NULL,NULL,0,1433862,0,42:14.8,sprint62_HCM-3128,::1,42:14.8,sprint62_HCM-3128,::1,0,NULL
1433863,1433858,1173028,NULL,Strongly agree,0,0,NULL,0,NULL,NULL,0,1433863,0,42:36.9,sprint62_HCM-3128,::1,42:36.9,sprint62_HCM-3128,::1,0,NULL
1433864,1433858,1173029,NULL,Agree,0,0,NULL,0,NULL,NULL,0,1433864,0,42:36.9,sprint62_HCM-3128,::1,42:36.9,sprint62_HCM-3128,::1,0,NULL
1433865,1433858,1173030,NULL,Neither agree nor disagree,0,0,NULL,0,NULL,NULL,0,1433865,0,42:36.9,sprint62_HCM-3128,::1,42:36.9,sprint62_HCM-3128,::1,0,NULL
1433866,1433858,1173031,NULL,Somewhat disagree,0,0,NULL,0,NULL,NULL,0,1433866,0,42:36.9,sprint62_HCM-3128,::1,42:36.9,sprint62_HCM-3128,::1,0,NULL
1433867,1433858,1173032,NULL,Disagree,0,0,NULL,0,NULL,NULL,0,1433867,0,42:36.9,sprint62_HCM-3128,::1,42:36.9,sprint62_HCM-3128,::1,0,NULL
1433868,1433858,1173033,NULL,Strongly disagree,0,0,NULL,0,NULL,NULL,0,1433868,0,42:36.9,sprint62_HCM-3128,::1,42:36.9,sprint62_HCM-3128,::1,0,NULL
1433869,1433859,1173021,NULL,Yes,0,0,NULL,0,NULL,NULL,0,1433869,0,43:02.5,sprint62_HCM-3128,::1,43:02.5,sprint62_HCM-3128,::1,0,NULL
1433870,1433859,1173022,NULL,No,0,0,NULL,0,NULL,NULL,0,1433870,0,43:02.5,sprint62_HCM-3128,::1,43:02.5,sprint62_HCM-3128,::1,0,NULL
1433876,1433861,NULL,NULL,Working in team,0,0,NULL,1,NULL,NULL,0,1433876,0,46:47.6,sprint62_HCM-3128,::1,46:47.6,sprint62_HCM-3128,::1,0,NULL
1433877,1433861,NULL,NULL,Travelling,0,0,NULL,2,NULL,NULL,0,1433877,0,46:47.6,sprint62_HCM-3128,::1,46:47.6,sprint62_HCM-3128,::1,0,NULL
1433878,1433861,NULL,NULL,Flexible Working Time,0,0,NULL,3,NULL,NULL,0,1433878,0,46:47.6,sprint62_HCM-3128,::1,46:47.6,sprint62_HCM-3128,::1,0,NULL
1433879,1433861,NULL,NULL,Work by Objective,0,0,NULL,4,NULL,NULL,0,1433879,0,46:47.6,sprint62_HCM-3128,::1,46:47.6,sprint62_HCM-3128,::1,0,NULL
1433880,1433861,NULL,NULL,Close to home,0,0,NULL,5,NULL,NULL,0,1433880,0,46:47.6,sprint62_HCM-3128,::1,46:47.6,sprint62_HCM-3128,::1,0,NULL
1433881,1433861,NULL,NULL,Multitasking,0,0,NULL,6,NULL,NULL,0,1433881,0,46:47.6,sprint62_HCM-3128,::1,46:47.6,sprint62_HCM-3128,::1,0,NULL
1433882,1433861,NULL,NULL,Learning,0,0,NULL,7,NULL,NULL,0,1433882,0,46:47.6,sprint62_HCM-3128,::1,46:47.6,sprint62_HCM-3128,::1,0,NULL
1433883,1433863,NULL,NULL,Less than three months,0,0,NULL,1,NULL,NULL,0,1433883,0,47:59.4,sprint62_HCM-3128,::1,47:59.4,sprint62_HCM-3128,::1,0,NULL
1433884,1433863,NULL,NULL,In one year,0,0,NULL,2,NULL,NULL,0,1433884,0,47:59.4,sprint62_HCM-3128,::1,47:59.4,sprint62_HCM-3128,::1,0,NULL
1433885,1433863,NULL,NULL,In two years,0,0,NULL,3,NULL,NULL,0,1433885,0,47:59.4,sprint62_HCM-3128,::1,47:59.4,sprint62_HCM-3128,::1,0,NULL
1433887,1433865,NULL,NULL,Sales,0,0,NULL,1,NULL,NULL,0,1433887,0,51:19.6,sprint62_HCM-3128,::1,51:19.6,sprint62_HCM-3128,::1,0,NULL
1433888,1433865,NULL,NULL,Marketing,0,0,NULL,2,NULL,NULL,0,1433888,0,51:19.6,sprint62_HCM-3128,::1,51:19.6,sprint62_HCM-3128,::1,0,NULL
1433889,1433865,NULL,NULL,HR,0,0,NULL,3,NULL,NULL,0,1433889,0,51:19.6,sprint62_HCM-3128,::1,51:19.6,sprint62_HCM-3128,::1,0,NULL
1433890,1433865,NULL,NULL,R&D,0,0,NULL,4,NULL,NULL,0,1433890,0,51:19.6,sprint62_HCM-3128,::1,51:19.6,sprint62_HCM-3128,::1,0,NULL
1433891,1433865,NULL,NULL,Business Developement,0,0,NULL,5,NULL,NULL,0,1433891,0,51:19.6,sprint62_HCM-3128,::1,51:19.6,sprint62_HCM-3128,::1,0,NULL
4900001,4900001,NULL,NULL,Not evaluable,0,1,0,1,NULL,NULL,0,4900001,0,56:19.4,facchini,(NO ADDRESS),56:19.4,facchini,(NO ADDRESS),0,NULL
4900002,4900001,NULL,NULL,Severely insufficient,0,0,1,2,NULL,NULL,0,4900002,0,56:19.4,facchini,(NO ADDRESS),56:19.4,facchini,(NO ADDRESS),0,NULL
4900003,4900001,NULL,NULL,Insufficient,0,0,2,3,NULL,NULL,0,4900003,0,56:19.4,facchini,(NO ADDRESS),56:19.4,facchini,(NO ADDRESS),0,NULL
4900004,4900001,NULL,NULL,Adequate,0,0,3,4,NULL,NULL,0,4900004,0,56:19.4,facchini,(NO ADDRESS),56:19.4,facchini,(NO ADDRESS),0,NULL
4900005,4900001,NULL,NULL,Good,0,0,4,5,NULL,NULL,0,4900005,0,56:19.4,facchini,(NO ADDRESS),56:19.4,facchini,(NO ADDRESS),0,NULL
4900006,4900001,NULL,NULL,Excellent,0,0,5,6,NULL,NULL,0,4900006,0,56:19.4,facchini,(NO ADDRESS),56:19.4,facchini,(NO ADDRESS),0,NULL
4900007,4900002,NULL,NULL,Not evaluable,0,1,0,1,NULL,NULL,0,4900007,0,56:19.4,facchini,(NO ADDRESS),56:19.4,facchini,(NO ADDRESS),0,NULL
4900008,4900002,NULL,NULL,Severely insufficient,0,0,1,2,NULL,NULL,0,4900008,0,56:19.4,facchini,(NO ADDRESS),56:19.4,facchini,(NO ADDRESS),0,NULL
4900009,4900002,NULL,NULL,Insufficient,0,0,2,3,NULL,NULL,0,4900009,0,56:19.4,facchini,(NO ADDRESS),56:19.4,facchini,(NO ADDRESS),0,NULL
4900010,4900002,NULL,NULL,Adequate,0,0,3,4,NULL,NULL,0,4900010,0,56:19.4,facchini,(NO ADDRESS),56:19.4,facchini,(NO ADDRESS),0,NULL
4900011,4900002,NULL,NULL,Good,0,0,4,5,NULL,NULL,0,4900011,0,56:19.4,facchini,(NO ADDRESS),56:19.4,facchini,(NO ADDRESS),0,NULL
4900012,4900002,NULL,NULL,Excellent,0,0,5,6,NULL,NULL,0,4900012,0,56:19.4,facchini,(NO ADDRESS),56:19.4,facchini,(NO ADDRESS),0,NULL
4900013,4900003,NULL,NULL,Not evaluable,0,1,0,1,NULL,NULL,0,4900013,0,56:19.4,facchini,(NO ADDRESS),56:19.4,facchini,(NO ADDRESS),0,NULL
4900014,4900003,NULL,NULL,Severely insufficient,0,0,1,2,NULL,NULL,0,4900014,0,56:19.4,facchini,(NO ADDRESS),56:19.4,facchini,(NO ADDRESS),0,NULL
4900015,4900003,NULL,NULL,Insufficient,0,0,2,3,NULL,NULL,0,4900015,0,56:19.4,facchini,(NO ADDRESS),56:19.4,facchini,(NO ADDRESS),0,NULL
4900016,4900003,NULL,NULL,Adequate,0,0,3,4,NULL,NULL,0,4900016,0,56:19.4,facchini,(NO ADDRESS),56:19.4,facchini,(NO ADDRESS),0,NULL
4900017,4900003,NULL,NULL,Good,0,0,4,5,NULL,NULL,0,4900017,0,56:19.4,facchini,(NO ADDRESS),56:19.4,facchini,(NO ADDRESS),0,NULL
4900018,4900003,NULL,NULL,Excellent,0,0,5,6,NULL,NULL,0,4900018,0,56:19.4,facchini,(NO ADDRESS),56:19.4,facchini,(NO ADDRESS),0,NULL
4900019,4900004,NULL,NULL,Not evaluable,0,1,0,1,NULL,NULL,0,4900019,0,56:19.4,facchini,(NO ADDRESS),56:19.4,facchini,(NO ADDRESS),0,NULL
4900020,4900004,NULL,NULL,Severely insufficient,0,0,1,2,NULL,NULL,0,4900020,0,56:19.4,facchini,(NO ADDRESS),56:19.4,facchini,(NO ADDRESS),0,NULL
4900021,4900004,NULL,NULL,Insufficient,0,0,2,3,NULL,NULL,0,4900021,0,56:19.4,facchini,(NO ADDRESS),56:19.4,facchini,(NO ADDRESS),0,NULL
4900022,4900004,NULL,NULL,Adequate,0,0,3,4,NULL,NULL,0,4900022,0,56:19.4,facchini,(NO ADDRESS),56:19.4,facchini,(NO ADDRESS),0,NULL
4900023,4900004,NULL,NULL,Good,0,0,4,5,NULL,NULL,0,4900023,0,56:19.4,facchini,(NO ADDRESS),56:19.4,facchini,(NO ADDRESS),0,NULL
4900024,4900004,NULL,NULL,Excellent,0,0,5,6,NULL,NULL,0,4900024,0,56:19.4,facchini,(NO ADDRESS),56:19.4,facchini,(NO ADDRESS),0,NULL
4900025,4900005,NULL,NULL,Not evaluable,0,1,0,1,NULL,NULL,0,4900025,0,56:19.4,facchini,(NO ADDRESS),56:19.4,facchini,(NO ADDRESS),0,NULL
4900026,4900005,NULL,NULL,Severely insufficient,0,0,1,2,NULL,NULL,0,4900026,0,56:19.4,facchini,(NO ADDRESS),56:19.4,facchini,(NO ADDRESS),0,NULL
4900027,4900005,NULL,NULL,Insufficient,0,0,2,3,NULL,NULL,0,4900027,0,56:19.4,facchini,(NO ADDRESS),56:19.4,facchini,(NO ADDRESS),0,NULL
4900028,4900005,NULL,NULL,Adequate,0,0,3,4,NULL,NULL,0,4900028,0,56:19.4,facchini,(NO ADDRESS),56:19.4,facchini,(NO ADDRESS),0,NULL
4900029,4900005,NULL,NULL,Good,0,0,4,5,NULL,NULL,0,4900029,0,56:19.4,facchini,(NO ADDRESS),56:19.4,facchini,(NO ADDRESS),0,NULL
4900030,4900005,NULL,NULL,Excellent,0,0,5,6,NULL,NULL,0,4900030,0,56:19.4,facchini,(NO ADDRESS),56:19.4,facchini,(NO ADDRESS),0,NULL
4900031,4900006,NULL,NULL,Not evaluable,0,1,0,1,NULL,NULL,0,4900031,0,56:19.4,facchini,(NO ADDRESS),56:19.4,facchini,(NO ADDRESS),0,NULL
4900032,4900006,NULL,NULL,Severely insufficient,0,0,1,2,NULL,NULL,0,4900032,0,56:19.4,facchini,(NO ADDRESS),56:19.4,facchini,(NO ADDRESS),0,NULL
4900033,4900006,NULL,NULL,Insufficient,0,0,2,3,NULL,NULL,0,4900033,0,56:19.4,facchini,(NO ADDRESS),56:19.4,facchini,(NO ADDRESS),0,NULL
4900034,4900006,NULL,NULL,Adequate,0,0,3,4,NULL,NULL,0,4900034,0,56:19.4,facchini,(NO ADDRESS),56:19.4,facchini,(NO ADDRESS),0,NULL
4900035,4900006,NULL,NULL,Good,0,0,4,5,NULL,NULL,0,4900035,0,56:19.4,facchini,(NO ADDRESS),56:19.4,facchini,(NO ADDRESS),0,NULL
4900036,4900006,NULL,NULL,Excellent,0,0,5,6,NULL,NULL,0,4900036,0,56:19.4,facchini,(NO ADDRESS),56:19.4,facchini,(NO ADDRESS),0,NULL
4900037,4900007,NULL,NULL,Not evaluable,0,1,0,1,NULL,NULL,0,4900037,0,56:19.4,facchini,(NO ADDRESS),56:19.4,facchini,(NO ADDRESS),0,NULL
4900038,4900007,NULL,NULL,Severely insufficient,0,0,1,2,NULL,NULL,0,4900038,0,56:19.4,facchini,(NO ADDRESS),56:19.4,facchini,(NO ADDRESS),0,NULL
4900039,4900007,NULL,NULL,Insufficient,0,0,2,3,NULL,NULL,0,4900039,0,56:19.4,facchini,(NO ADDRESS),56:19.4,facchini,(NO ADDRESS),0,NULL
4900040,4900007,NULL,NULL,Adequate,0,0,3,4,NULL,NULL,0,4900040,0,56:19.4,facchini,(NO ADDRESS),56:19.4,facchini,(NO ADDRESS),0,NULL
4900041,4900007,NULL,NULL,Good,0,0,4,5,NULL,NULL,0,4900041,0,56:19.4,facchini,(NO ADDRESS),56:19.4,facchini,(NO ADDRESS),0,NULL
4900042,4900007,NULL,NULL,Excellent,0,0,5,6,NULL,NULL,0,4900042,0,56:19.4,facchini,(NO ADDRESS),56:19.4,facchini,(NO ADDRESS),0,NULL
4900043,4900008,NULL,NULL,Not evaluable,0,1,0,1,NULL,NULL,0,4900043,0,56:19.4,facchini,(NO ADDRESS),56:19.4,facchini,(NO ADDRESS),0,NULL
4900044,4900008,NULL,NULL,Severely insufficient,0,0,1,2,NULL,NULL,0,4900044,0,56:19.4,facchini,(NO ADDRESS),56:19.4,facchini,(NO ADDRESS),0,NULL
4900045,4900008,NULL,NULL,Insufficient,0,0,2,3,NULL,NULL,0,4900045,0,56:19.4,facchini,(NO ADDRESS),56:19.4,facchini,(NO ADDRESS),0,NULL
4900046,4900008,NULL,NULL,Adequate,0,0,3,4,NULL,NULL,0,4900046,0,56:19.4,facchini,(NO ADDRESS),56:19.4,facchini,(NO ADDRESS),0,NULL
4900047,4900008,NULL,NULL,Good,0,0,4,5,NULL,NULL,0,4900047,0,56:19.4,facchini,(NO ADDRESS),56:19.4,facchini,(NO ADDRESS),0,NULL
4900048,4900008,NULL,NULL,Excellent,0,0,5,6,NULL,NULL,0,4900048,0,56:19.4,facchini,(NO ADDRESS),56:19.4,facchini,(NO ADDRESS),0,NULL
4900049,4900009,NULL,NULL,Not evaluable,0,1,0,1,NULL,NULL,0,4900049,0,56:19.4,facchini,(NO ADDRESS),56:19.4,facchini,(NO ADDRESS),0,NULL
4900050,4900009,NULL,NULL,Severely insufficient,0,0,1,2,NULL,NULL,0,4900050,0,56:19.4,facchini,(NO ADDRESS),56:19.4,facchini,(NO ADDRESS),0,NULL
4900051,4900009,NULL,NULL,Insufficient,0,0,2,3,NULL,NULL,0,4900051,0,56:19.4,facchini,(NO ADDRESS),56:19.4,facchini,(NO ADDRESS),0,NULL
4900052,4900009,NULL,NULL,Adequate,0,0,3,4,NULL,NULL,0,4900052,0,56:19.4,facchini,(NO ADDRESS),56:19.4,facchini,(NO ADDRESS),0,NULL
4900053,4900009,NULL,NULL,Good,0,0,4,5,NULL,NULL,0,4900053,0,56:19.4,facchini,(NO ADDRESS),56:19.4,facchini,(NO ADDRESS),0,NULL
4900054,4900009,NULL,NULL,Excellent,0,0,5,6,NULL,NULL,0,4900054,0,56:19.4,facchini,(NO ADDRESS),56:19.4,facchini,(NO ADDRESS),0,NULL
4900055,4900010,NULL,NULL,Not evaluable,0,1,0,1,NULL,NULL,0,4900055,0,56:19.4,facchini,(NO ADDRESS),56:19.4,facchini,(NO ADDRESS),0,NULL
4900056,4900010,NULL,NULL,Severely insufficient,0,0,1,2,NULL,NULL,0,4900056,0,56:19.4,facchini,(NO ADDRESS),56:19.4,facchini,(NO ADDRESS),0,NULL
4900057,4900010,NULL,NULL,Insufficient,0,0,2,3,NULL,NULL,0,4900057,0,56:19.4,facchini,(NO ADDRESS),56:19.4,facchini,(NO ADDRESS),0,NULL
4900058,4900010,NULL,NULL,Adequate,0,0,3,4,NULL,NULL,0,4900058,0,56:19.4,facchini,(NO ADDRESS),56:19.4,facchini,(NO ADDRESS),0,NULL
4900059,4900010,NULL,NULL,Good,0,0,4,5,NULL,NULL,0,4900059,0,56:19.4,facchini,(NO ADDRESS),56:19.4,facchini,(NO ADDRESS),0,NULL
4900060,4900010,NULL,NULL,Excellent,0,0,5,6,NULL,NULL,0,4900060,0,56:19.4,facchini,(NO ADDRESS),56:19.4,facchini,(NO ADDRESS),0,NULL
4900061,4900011,NULL,NULL,Not evaluable,0,1,0,1,NULL,NULL,0,4900061,0,56:19.4,facchini,(NO ADDRESS),56:19.4,facchini,(NO ADDRESS),0,NULL
4900062,4900011,NULL,NULL,Severely insufficient,0,0,1,2,NULL,NULL,0,4900062,0,56:19.4,facchini,(NO ADDRESS),56:19.4,facchini,(NO ADDRESS),0,NULL
4900063,4900011,NULL,NULL,Insufficient,0,0,2,3,NULL,NULL,0,4900063,0,56:19.4,facchini,(NO ADDRESS),56:19.4,facchini,(NO ADDRESS),0,NULL
4900064,4900011,NULL,NULL,Adequate,0,0,3,4,NULL,NULL,0,4900064,0,56:19.4,facchini,(NO ADDRESS),56:19.4,facchini,(NO ADDRESS),0,NULL
4900065,4900011,NULL,NULL,Good,0,0,4,5,NULL,NULL,0,4900065,0,56:19.4,facchini,(NO ADDRESS),56:19.4,facchini,(NO ADDRESS),0,NULL
4900066,4900011,NULL,NULL,Excellent,0,0,5,6,NULL,NULL,0,4900066,0,56:19.4,facchini,(NO ADDRESS),56:19.4,facchini,(NO ADDRESS),0,NULL
4900067,4900012,NULL,NULL,Not evaluable,0,1,0,1,NULL,NULL,0,4900067,0,56:19.4,facchini,(NO ADDRESS),56:19.4,facchini,(NO ADDRESS),0,NULL
4900068,4900012,NULL,NULL,Severely insufficient,0,0,1,2,NULL,NULL,0,4900068,0,56:19.4,facchini,(NO ADDRESS),56:19.4,facchini,(NO ADDRESS),0,NULL
4900069,4900012,NULL,NULL,Insufficient,0,0,2,3,NULL,NULL,0,4900069,0,56:19.4,facchini,(NO ADDRESS),56:19.4,facchini,(NO ADDRESS),0,NULL
4900070,4900012,NULL,NULL,Adequate,0,0,3,4,NULL,NULL,0,4900070,0,56:19.4,facchini,(NO ADDRESS),56:19.4,facchini,(NO ADDRESS),0,NULL
4900071,4900012,NULL,NULL,Good,0,0,4,5,NULL,NULL,0,4900071,0,56:19.4,facchini,(NO ADDRESS),56:19.4,facchini,(NO ADDRESS),0,NULL
4900072,4900012,NULL,NULL,Excellent,0,0,5,6,NULL,NULL,0,4900072,0,56:19.4,facchini,(NO ADDRESS),56:19.4,facchini,(NO ADDRESS),0,NULL
4900073,4900013,NULL,NULL,Not evaluable,0,1,0,1,NULL,NULL,0,4900073,0,56:19.4,facchini,(NO ADDRESS),56:19.4,facchini,(NO ADDRESS),0,NULL
4900074,4900013,NULL,NULL,Severely insufficient,0,0,1,2,NULL,NULL,0,4900074,0,56:19.4,facchini,(NO ADDRESS),56:19.4,facchini,(NO ADDRESS),0,NULL
4900075,4900013,NULL,NULL,Insufficient,0,0,2,3,NULL,NULL,0,4900075,0,56:19.4,facchini,(NO ADDRESS),56:19.4,facchini,(NO ADDRESS),0,NULL
4900076,4900013,NULL,NULL,Adequate,0,0,3,4,NULL,NULL,0,4900076,0,56:19.4,facchini,(NO ADDRESS),56:19.4,facchini,(NO ADDRESS),0,NULL
4900077,4900013,NULL,NULL,Good,0,0,4,5,NULL,NULL,0,4900077,0,56:19.4,facchini,(NO ADDRESS),56:19.4,facchini,(NO ADDRESS),0,NULL
4900078,4900013,NULL,NULL,Excellent,0,0,5,6,NULL,NULL,0,4900078,0,56:19.4,facchini,(NO ADDRESS),56:19.4,facchini,(NO ADDRESS),0,NULL
4900079,4900014,NULL,NULL,Not evaluable,0,1,0,1,NULL,NULL,0,4900079,0,56:19.4,facchini,(NO ADDRESS),56:19.4,facchini,(NO ADDRESS),0,NULL
4900080,4900014,NULL,NULL,Severely insufficient,0,0,1,2,NULL,NULL,0,4900080,0,56:19.4,facchini,(NO ADDRESS),56:19.4,facchini,(NO ADDRESS),0,NULL
4900081,4900014,NULL,NULL,Insufficient,0,0,2,3,NULL,NULL,0,4900081,0,56:19.4,facchini,(NO ADDRESS),56:19.4,facchini,(NO ADDRESS),0,NULL
4900082,4900014,NULL,NULL,Adequate,0,0,3,4,NULL,NULL,0,4900082,0,56:19.4,facchini,(NO ADDRESS),56:19.4,facchini,(NO ADDRESS),0,NULL
4900083,4900014,NULL,NULL,Good,0,0,4,5,NULL,NULL,0,4900083,0,56:19.4,facchini,(NO ADDRESS),56:19.4,facchini,(NO ADDRESS),0,NULL
4900084,4900014,NULL,NULL,Excellent,0,0,5,6,NULL,NULL,0,4900084,0,56:19.4,facchini,(NO ADDRESS),56:19.4,facchini,(NO ADDRESS),0,NULL
4900085,4900015,NULL,NULL,Not evaluable,0,1,0,1,NULL,NULL,0,4900085,0,56:19.4,facchini,(NO ADDRESS),56:19.4,facchini,(NO ADDRESS),0,NULL
4900086,4900015,NULL,NULL,Severely insufficient,0,0,1,2,NULL,NULL,0,4900086,0,56:19.4,facchini,(NO ADDRESS),56:19.4,facchini,(NO ADDRESS),0,NULL
4900087,4900015,NULL,NULL,Insufficient,0,0,2,3,NULL,NULL,0,4900087,0,56:19.4,facchini,(NO ADDRESS),56:19.4,facchini,(NO ADDRESS),0,NULL
4900088,4900015,NULL,NULL,Adequate,0,0,3,4,NULL,NULL,0,4900088,0,56:19.4,facchini,(NO ADDRESS),56:19.4,facchini,(NO ADDRESS),0,NULL
4900089,4900015,NULL,NULL,Good,0,0,4,5,NULL,NULL,0,4900089,0,56:19.4,facchini,(NO ADDRESS),56:19.4,facchini,(NO ADDRESS),0,NULL
4900090,4900015,NULL,NULL,Excellent,0,0,5,6,NULL,NULL,0,4900090,0,56:19.4,facchini,(NO ADDRESS),56:19.4,facchini,(NO ADDRESS),0,NULL
4900091,4900016,NULL,NULL,Not evaluable,0,1,0,1,NULL,NULL,0,4900091,0,56:19.4,facchini,(NO ADDRESS),56:19.4,facchini,(NO ADDRESS),0,NULL
4900092,4900016,NULL,NULL,Severely insufficient,0,0,1,2,NULL,NULL,0,4900092,0,56:19.4,facchini,(NO ADDRESS),56:19.4,facchini,(NO ADDRESS),0,NULL
4900093,4900016,NULL,NULL,Insufficient,0,0,2,3,NULL,NULL,0,4900093,0,56:19.4,facchini,(NO ADDRESS),56:19.4,facchini,(NO ADDRESS),0,NULL
4900094,4900016,NULL,NULL,Adequate,0,0,3,4,NULL,NULL,0,4900094,0,56:19.4,facchini,(NO ADDRESS),56:19.4,facchini,(NO ADDRESS),0,NULL
4900095,4900016,NULL,NULL,Good,0,0,4,5,NULL,NULL,0,4900095,0,56:19.4,facchini,(NO ADDRESS),56:19.4,facchini,(NO ADDRESS),0,NULL
4900096,4900016,NULL,NULL,Excellent,0,0,5,6,NULL,NULL,0,4900096,0,56:19.4,facchini,(NO ADDRESS),56:19.4,facchini,(NO ADDRESS),0,NULL
4900097,4900017,NULL,NULL,Not evaluable,0,1,0,1,NULL,NULL,0,4900097,0,56:19.4,facchini,(NO ADDRESS),56:19.4,facchini,(NO ADDRESS),0,NULL
4900098,4900017,NULL,NULL,Severely insufficient,0,0,1,2,NULL,NULL,0,4900098,0,56:19.4,facchini,(NO ADDRESS),56:19.4,facchini,(NO ADDRESS),0,NULL
4900099,4900017,NULL,NULL,Insufficient,0,0,2,3,NULL,NULL,0,4900099,0,56:19.4,facchini,(NO ADDRESS),56:19.4,facchini,(NO ADDRESS),0,NULL
4900100,4900017,NULL,NULL,Adequate,0,0,3,4,NULL,NULL,0,4900100,0,56:19.4,facchini,(NO ADDRESS),56:19.4,facchini,(NO ADDRESS),0,NULL
4900101,4900017,NULL,NULL,Good,0,0,4,5,NULL,NULL,0,4900101,0,56:19.4,facchini,(NO ADDRESS),56:19.4,facchini,(NO ADDRESS),0,NULL
4900102,4900017,NULL,NULL,Excellent,0,0,5,6,NULL,NULL,0,4900102,0,56:19.4,facchini,(NO ADDRESS),56:19.4,facchini,(NO ADDRESS),0,NULL
4900103,4900018,NULL,NULL,Not evaluable,0,1,0,1,NULL,NULL,0,4900103,0,56:19.4,facchini,(NO ADDRESS),56:19.4,facchini,(NO ADDRESS),0,NULL
4900104,4900018,NULL,NULL,Severely insufficient,0,0,1,2,NULL,NULL,0,4900104,0,56:19.4,facchini,(NO ADDRESS),56:19.4,facchini,(NO ADDRESS),0,NULL
4900105,4900018,NULL,NULL,Insufficient,0,0,2,3,NULL,NULL,0,4900105,0,56:19.4,facchini,(NO ADDRESS),56:19.4,facchini,(NO ADDRESS),0,NULL
4900106,4900018,NULL,NULL,Adequate,0,0,3,4,NULL,NULL,0,4900106,0,56:19.4,facchini,(NO ADDRESS),56:19.4,facchini,(NO ADDRESS),0,NULL
4900107,4900018,NULL,NULL,Good,0,0,4,5,NULL,NULL,0,4900107,0,56:19.4,facchini,(NO ADDRESS),56:19.4,facchini,(NO ADDRESS),0,NULL
4900108,4900018,NULL,NULL,Excellent,0,0,5,6,NULL,NULL,0,4900108,0,56:19.4,facchini,(NO ADDRESS),56:19.4,facchini,(NO ADDRESS),0,NULL
4900109,4900019,NULL,NULL,Not evaluable,0,1,0,1,NULL,NULL,0,4900109,0,56:19.4,facchini,(NO ADDRESS),56:19.4,facchini,(NO ADDRESS),0,NULL
4900110,4900019,NULL,NULL,Severely insufficient,0,0,1,2,NULL,NULL,0,4900110,0,56:19.4,facchini,(NO ADDRESS),56:19.4,facchini,(NO ADDRESS),0,NULL
4900111,4900019,NULL,NULL,Insufficient,0,0,2,3,NULL,NULL,0,4900111,0,56:19.4,facchini,(NO ADDRESS),56:19.4,facchini,(NO ADDRESS),0,NULL
4900112,4900019,NULL,NULL,Adequate,0,0,3,4,NULL,NULL,0,4900112,0,56:19.4,facchini,(NO ADDRESS),56:19.4,facchini,(NO ADDRESS),0,NULL
4900113,4900019,NULL,NULL,Good,0,0,4,5,NULL,NULL,0,4900113,0,56:19.4,facchini,(NO ADDRESS),56:19.4,facchini,(NO ADDRESS),0,NULL
4900114,4900019,NULL,NULL,Excellent,0,0,5,6,NULL,NULL,0,4900114,0,56:19.4,facchini,(NO ADDRESS),56:19.4,facchini,(NO ADDRESS),0,NULL
4900115,4900020,NULL,NULL,Not evaluable,0,1,0,1,NULL,NULL,0,4900115,0,56:19.4,facchini,(NO ADDRESS),56:19.4,facchini,(NO ADDRESS),0,NULL
4900116,4900020,NULL,NULL,Severely insufficient,0,0,1,2,NULL,NULL,0,4900116,0,56:19.4,facchini,(NO ADDRESS),56:19.4,facchini,(NO ADDRESS),0,NULL
4900117,4900020,NULL,NULL,Insufficient,0,0,2,3,NULL,NULL,0,4900117,0,56:19.4,facchini,(NO ADDRESS),56:19.4,facchini,(NO ADDRESS),0,NULL
4900118,4900020,NULL,NULL,Adequate,0,0,3,4,NULL,NULL,0,4900118,0,56:19.4,facchini,(NO ADDRESS),56:19.4,facchini,(NO ADDRESS),0,NULL
4900119,4900020,NULL,NULL,Good,0,0,4,5,NULL,NULL,0,4900119,0,56:19.4,facchini,(NO ADDRESS),56:19.4,facchini,(NO ADDRESS),0,NULL
4900120,4900020,NULL,NULL,Excellent,0,0,5,6,NULL,NULL,0,4900120,0,56:19.4,facchini,(NO ADDRESS),56:19.4,facchini,(NO ADDRESS),0,NULL
4900121,4900021,NULL,NULL,Not evaluable,0,1,0,1,NULL,NULL,0,4900121,0,56:19.4,facchini,(NO ADDRESS),56:19.4,facchini,(NO ADDRESS),0,NULL
4900122,4900021,NULL,NULL,Severely insufficient,0,0,1,2,NULL,NULL,0,4900122,0,56:19.4,facchini,(NO ADDRESS),56:19.4,facchini,(NO ADDRESS),0,NULL
4900123,4900021,NULL,NULL,Insufficient,0,0,2,3,NULL,NULL,0,4900123,0,56:19.4,facchini,(NO ADDRESS),56:19.4,facchini,(NO ADDRESS),0,NULL
4900124,4900021,NULL,NULL,Adequate,0,0,3,4,NULL,NULL,0,4900124,0,56:19.4,facchini,(NO ADDRESS),56:19.4,facchini,(NO ADDRESS),0,NULL
4900125,4900021,NULL,NULL,Good,0,0,4,5,NULL,NULL,0,4900125,0,56:19.4,facchini,(NO ADDRESS),56:19.4,facchini,(NO ADDRESS),0,NULL
4900126,4900021,NULL,NULL,Excellent,0,0,5,6,NULL,NULL,0,4900126,0,56:19.4,facchini,(NO ADDRESS),56:19.4,facchini,(NO ADDRESS),0,NULL
4900127,4900022,NULL,NULL,Not evaluable,0,1,0,1,NULL,NULL,0,4900127,0,56:19.4,facchini,(NO ADDRESS),56:19.4,facchini,(NO ADDRESS),0,NULL
4900128,4900022,NULL,NULL,Severely insufficient,0,0,1,2,NULL,NULL,0,4900128,0,56:19.4,facchini,(NO ADDRESS),56:19.4,facchini,(NO ADDRESS),0,NULL
4900129,4900022,NULL,NULL,Insufficient,0,0,2,3,NULL,NULL,0,4900129,0,56:19.4,facchini,(NO ADDRESS),56:19.4,facchini,(NO ADDRESS),0,NULL
4900130,4900022,NULL,NULL,Adequate,0,0,3,4,NULL,NULL,0,4900130,0,56:19.4,facchini,(NO ADDRESS),56:19.4,facchini,(NO ADDRESS),0,NULL
4900131,4900022,NULL,NULL,Good,0,0,4,5,NULL,NULL,0,4900131,0,56:19.4,facchini,(NO ADDRESS),56:19.4,facchini,(NO ADDRESS),0,NULL
4900132,4900022,NULL,NULL,Excellent,0,0,5,6,NULL,NULL,0,4900132,0,56:19.4,facchini,(NO ADDRESS),56:19.4,facchini,(NO ADDRESS),0,NULL
4900133,4900023,NULL,NULL,Not evaluable,0,1,0,1,NULL,NULL,0,4900133,0,56:19.4,facchini,(NO ADDRESS),56:19.4,facchini,(NO ADDRESS),0,NULL
4900134,4900023,NULL,NULL,Severely insufficient,0,0,1,2,NULL,NULL,0,4900134,0,56:19.4,facchini,(NO ADDRESS),56:19.4,facchini,(NO ADDRESS),0,NULL
4900135,4900023,NULL,NULL,Insufficient,0,0,2,3,NULL,NULL,0,4900135,0,56:19.4,facchini,(NO ADDRESS),56:19.4,facchini,(NO ADDRESS),0,NULL
4900136,4900023,NULL,NULL,Adequate,0,0,3,4,NULL,NULL,0,4900136,0,56:19.4,facchini,(NO ADDRESS),56:19.4,facchini,(NO ADDRESS),0,NULL
4900137,4900023,NULL,NULL,Good,0,0,4,5,NULL,NULL,0,4900137,0,56:19.4,facchini,(NO ADDRESS),56:19.4,facchini,(NO ADDRESS),0,NULL
4900138,4900023,NULL,NULL,Excellent,0,0,5,6,NULL,NULL,0,4900138,0,56:19.4,facchini,(NO ADDRESS),56:19.4,facchini,(NO ADDRESS),0,NULL
4900139,4900024,NULL,NULL,Not evaluable,0,1,0,1,NULL,NULL,0,4900139,0,56:19.4,facchini,(NO ADDRESS),56:19.4,facchini,(NO ADDRESS),0,NULL
4900140,4900024,NULL,NULL,Severely insufficient,0,0,1,2,NULL,NULL,0,4900140,0,56:19.4,facchini,(NO ADDRESS),56:19.4,facchini,(NO ADDRESS),0,NULL
4900141,4900024,NULL,NULL,Insufficient,0,0,2,3,NULL,NULL,0,4900141,0,56:19.4,facchini,(NO ADDRESS),56:19.4,facchini,(NO ADDRESS),0,NULL
4900142,4900024,NULL,NULL,Adequate,0,0,3,4,NULL,NULL,0,4900142,0,56:19.4,facchini,(NO ADDRESS),56:19.4,facchini,(NO ADDRESS),0,NULL
4900143,4900024,NULL,NULL,Good,0,0,4,5,NULL,NULL,0,4900143,0,56:19.4,facchini,(NO ADDRESS),56:19.4,facchini,(NO ADDRESS),0,NULL
4900144,4900024,NULL,NULL,Excellent,0,0,5,6,NULL,NULL,0,4900144,0,56:19.4,facchini,(NO ADDRESS),56:19.4,facchini,(NO ADDRESS),0,NULL
4900145,4900025,NULL,NULL,Not evaluable,0,1,0,1,NULL,NULL,0,4900145,0,56:19.4,facchini,(NO ADDRESS),56:19.4,facchini,(NO ADDRESS),0,NULL
4900146,4900025,NULL,NULL,Severely insufficient,0,0,1,2,NULL,NULL,0,4900146,0,56:19.4,facchini,(NO ADDRESS),56:19.4,facchini,(NO ADDRESS),0,NULL
4900147,4900025,NULL,NULL,Insufficient,0,0,2,3,NULL,NULL,0,4900147,0,56:19.4,facchini,(NO ADDRESS),56:19.4,facchini,(NO ADDRESS),0,NULL
4900148,4900025,NULL,NULL,Adequate,0,0,3,4,NULL,NULL,0,4900148,0,56:19.4,facchini,(NO ADDRESS),56:19.4,facchini,(NO ADDRESS),0,NULL
4900149,4900025,NULL,NULL,Good,0,0,4,5,NULL,NULL,0,4900149,0,56:19.4,facchini,(NO ADDRESS),56:19.4,facchini,(NO ADDRESS),0,NULL
4900150,4900025,NULL,NULL,Excellent,0,0,5,6,NULL,NULL,0,4900150,0,56:19.4,facchini,(NO ADDRESS),56:19.4,facchini,(NO ADDRESS),0,NULL
4900151,4900026,NULL,NULL,Not evaluable,0,1,0,1,NULL,NULL,0,4900151,0,56:19.4,facchini,(NO ADDRESS),56:19.4,facchini,(NO ADDRESS),0,NULL
4900152,4900026,NULL,NULL,Severely insufficient,0,0,1,2,NULL,NULL,0,4900152,0,56:19.4,facchini,(NO ADDRESS),56:19.4,facchini,(NO ADDRESS),0,NULL
4900153,4900026,NULL,NULL,Insufficient,0,0,2,3,NULL,NULL,0,4900153,0,56:19.4,facchini,(NO ADDRESS),56:19.4,facchini,(NO ADDRESS),0,NULL
4900154,4900026,NULL,NULL,Adequate,0,0,3,4,NULL,NULL,0,4900154,0,56:19.4,facchini,(NO ADDRESS),56:19.4,facchini,(NO ADDRESS),0,NULL
4900155,4900026,NULL,NULL,Good,0,0,4,5,NULL,NULL,0,4900155,0,56:19.4,facchini,(NO ADDRESS),56:19.4,facchini,(NO ADDRESS),0,NULL
4900156,4900026,NULL,NULL,Excellent,0,0,5,6,NULL,NULL,0,4900156,0,56:19.4,facchini,(NO ADDRESS),56:19.4,facchini,(NO ADDRESS),0,NULL
4900157,4900027,NULL,NULL,Not evaluable,0,1,0,1,NULL,NULL,0,4900157,0,56:19.4,facchini,(NO ADDRESS),56:19.4,facchini,(NO ADDRESS),0,NULL
4900158,4900027,NULL,NULL,Severely insufficient,0,0,1,2,NULL,NULL,0,4900158,0,56:19.4,facchini,(NO ADDRESS),56:19.4,facchini,(NO ADDRESS),0,NULL
4900159,4900027,NULL,NULL,Insufficient,0,0,2,3,NULL,NULL,0,4900159,0,56:19.4,facchini,(NO ADDRESS),56:19.4,facchini,(NO ADDRESS),0,NULL
4900160,4900027,NULL,NULL,Adequate,0,0,3,4,NULL,NULL,0,4900160,0,56:19.4,facchini,(NO ADDRESS),56:19.4,facchini,(NO ADDRESS),0,NULL
4900161,4900027,NULL,NULL,Good,0,0,4,5,NULL,NULL,0,4900161,0,56:19.4,facchini,(NO ADDRESS),56:19.4,facchini,(NO ADDRESS),0,NULL
4900162,4900027,NULL,NULL,Excellent,0,0,5,6,NULL,NULL,0,4900162,0,56:19.4,facchini,(NO ADDRESS),56:19.4,facchini,(NO ADDRESS),0,NULL
5100001,5100001,1173021,NULL,Yes,1,0,NULL,0,NULL,NULL,0,5100001,0,47:41.8,CARDILLI,172.25.2.85,47:41.8,CARDILLI,172.25.2.85,0,NULL
5100002,5100001,1173022,NULL,No,1,0,NULL,0,NULL,NULL,0,5100002,0,47:41.8,CARDILLI,172.25.2.85,47:41.8,CARDILLI,172.25.2.85,0,NULL
5100003,5100002,1173021,NULL,Yes,1,0,NULL,0,NULL,NULL,0,5100003,0,48:19.8,CARDILLI,172.25.2.85,48:19.8,CARDILLI,172.25.2.85,0,NULL
5100004,5100002,1173022,NULL,No,1,0,NULL,0,NULL,NULL,0,5100004,0,48:19.8,CARDILLI,172.25.2.85,48:19.8,CARDILLI,172.25.2.85,0,NULL
5100005,5100003,1173021,NULL,Yes,1,0,NULL,0,NULL,NULL,0,5100005,0,48:57.0,CARDILLI,172.25.2.85,48:57.0,CARDILLI,172.25.2.85,0,NULL
5100006,5100003,1173022,NULL,No,1,0,NULL,0,NULL,NULL,0,5100006,0,48:57.0,CARDILLI,172.25.2.85,48:57.0,CARDILLI,172.25.2.85,0,NULL
5100007,5100004,1173021,NULL,Yes,1,0,NULL,0,NULL,NULL,0,5100007,0,49:36.5,CARDILLI,172.25.2.85,49:36.5,CARDILLI,172.25.2.85,0,NULL
5100008,5100004,1173022,NULL,No,1,0,NULL,0,NULL,NULL,0,5100008,0,49:36.5,CARDILLI,172.25.2.85,49:36.5,CARDILLI,172.25.2.85,0,NULL
5100009,5100005,1173021,NULL,Yes,1,0,NULL,0,NULL,NULL,0,5100009,0,50:10.0,CARDILLI,172.25.2.85,50:10.0,CARDILLI,172.25.2.85,0,NULL
5100010,5100005,1173022,NULL,No,1,0,NULL,0,NULL,NULL,0,5100010,0,50:10.0,CARDILLI,172.25.2.85,50:10.0,CARDILLI,172.25.2.85,0,NULL
5100011,5100006,1173021,NULL,Yes,1,0,NULL,0,NULL,NULL,0,5100011,0,50:44.2,CARDILLI,172.25.2.85,50:44.2,CARDILLI,172.25.2.85,0,NULL
5100012,5100006,1173022,NULL,No,1,0,NULL,0,NULL,NULL,0,5100012,0,50:44.2,CARDILLI,172.25.2.85,50:44.2,CARDILLI,172.25.2.85,0,NULL
5100013,5100007,1173021,NULL,Yes,1,0,NULL,0,NULL,NULL,0,5100013,0,51:51.2,CARDILLI,172.25.2.85,51:51.2,CARDILLI,172.25.2.85,0,NULL
5100014,5100007,1173022,NULL,No,1,0,NULL,0,NULL,NULL,0,5100014,0,51:51.2,CARDILLI,172.25.2.85,51:51.2,CARDILLI,172.25.2.85,0,NULL
5100017,5100009,1173021,NULL,Yes,1,0,NULL,0,NULL,NULL,0,5100017,0,53:31.4,CARDILLI,172.25.2.85,53:31.4,CARDILLI,172.25.2.85,0,NULL
5100018,5100009,1173022,NULL,No,1,0,NULL,0,NULL,NULL,0,5100018,0,53:31.4,CARDILLI,172.25.2.85,53:31.4,CARDILLI,172.25.2.85,0,NULL
5100019,5100010,1173021,NULL,Yes,1,0,NULL,0,NULL,NULL,0,5100019,0,53:59.6,CARDILLI,172.25.2.85,53:59.6,CARDILLI,172.25.2.85,0,NULL
5100020,5100010,1173022,NULL,No,1,0,NULL,0,NULL,NULL,0,5100020,0,53:59.6,CARDILLI,172.25.2.85,53:59.6,CARDILLI,172.25.2.85,0,NULL
5100023,5100012,1173021,NULL,Yes,1,0,NULL,0,NULL,NULL,0,5100023,0,55:04.9,CARDILLI,172.25.2.85,55:04.9,CARDILLI,172.25.2.85,0,NULL
5100024,5100012,1173022,NULL,No,1,0,NULL,0,NULL,NULL,0,5100024,0,55:04.9,CARDILLI,172.25.2.85,55:04.9,CARDILLI,172.25.2.85,0,NULL
5100068,5100015,NULL,5100004,Not at all likely,0,0,NULL,0,NULL,NULL,0,5100068,0,44:09.3,CARDILLI,172.25.2.40,44:09.3,CARDILLI,172.25.2.40,0,NULL
5100069,5100015,NULL,1173040,1,0,0,NULL,0,NULL,NULL,0,5100069,0,44:09.3,CARDILLI,172.25.2.40,44:09.3,CARDILLI,172.25.2.40,0,NULL
5100070,5100015,NULL,1173041,2,0,0,NULL,0,NULL,NULL,0,5100070,0,44:09.3,CARDILLI,172.25.2.40,44:09.3,CARDILLI,172.25.2.40,0,NULL
5100071,5100015,NULL,1173042,3,0,0,NULL,0,NULL,NULL,0,5100071,0,44:09.3,CARDILLI,172.25.2.40,44:09.3,CARDILLI,172.25.2.40,0,NULL
5100072,5100015,NULL,1173043,4,0,0,NULL,0,NULL,NULL,0,5100072,0,44:09.3,CARDILLI,172.25.2.40,44:09.3,CARDILLI,172.25.2.40,0,NULL
5100073,5100015,NULL,1173044,5,0,0,NULL,0,NULL,NULL,0,5100073,0,44:09.3,CARDILLI,172.25.2.40,44:09.3,CARDILLI,172.25.2.40,0,NULL
5100074,5100015,NULL,1173045,6,0,0,NULL,0,NULL,NULL,0,5100074,0,44:09.3,CARDILLI,172.25.2.40,44:09.3,CARDILLI,172.25.2.40,0,NULL
5100075,5100015,NULL,1173046,7,0,0,NULL,0,NULL,NULL,0,5100075,0,44:09.3,CARDILLI,172.25.2.40,44:09.3,CARDILLI,172.25.2.40,0,NULL
5100076,5100015,NULL,1173047,8,0,0,NULL,0,NULL,NULL,0,5100076,0,44:09.3,CARDILLI,172.25.2.40,44:09.3,CARDILLI,172.25.2.40,0,NULL
5100077,5100015,NULL,1173048,9,0,0,NULL,0,NULL,NULL,0,5100077,0,44:09.3,CARDILLI,172.25.2.40,44:09.3,CARDILLI,172.25.2.40,0,NULL
5100078,5100015,NULL,1173049,Extremely likely,0,0,NULL,0,NULL,NULL,0,5100078,0,44:09.3,CARDILLI,172.25.2.40,44:09.3,CARDILLI,172.25.2.40,0,NULL
5100079,5100016,NULL,5100004,Not at all likely,0,0,NULL,0,NULL,NULL,0,5100068,0,50:03.8,CARDILLI,172.25.2.40,50:03.8,CARDILLI,172.25.2.40,0,NULL
5100080,5100016,NULL,1173040,1,0,0,NULL,0,NULL,NULL,0,5100069,0,50:03.8,CARDILLI,172.25.2.40,50:03.8,CARDILLI,172.25.2.40,0,NULL
5100081,5100016,NULL,1173041,2,0,0,NULL,0,NULL,NULL,0,5100070,0,50:03.8,CARDILLI,172.25.2.40,50:03.8,CARDILLI,172.25.2.40,0,NULL
5100082,5100016,NULL,1173042,3,0,0,NULL,0,NULL,NULL,0,5100071,0,50:03.8,CARDILLI,172.25.2.40,50:03.8,CARDILLI,172.25.2.40,0,NULL
5100083,5100016,NULL,1173043,4,0,0,NULL,0,NULL,NULL,0,5100072,0,50:03.8,CARDILLI,172.25.2.40,50:03.8,CARDILLI,172.25.2.40,0,NULL
5100084,5100016,NULL,1173044,5,0,0,NULL,0,NULL,NULL,0,5100073,0,50:03.8,CARDILLI,172.25.2.40,50:03.8,CARDILLI,172.25.2.40,0,NULL
5100085,5100016,NULL,1173045,6,0,0,NULL,0,NULL,NULL,0,5100074,0,50:03.8,CARDILLI,172.25.2.40,50:03.8,CARDILLI,172.25.2.40,0,NULL
5100086,5100016,NULL,1173046,7,0,0,NULL,0,NULL,NULL,0,5100075,0,50:03.8,CARDILLI,172.25.2.40,50:03.8,CARDILLI,172.25.2.40,0,NULL
5100087,5100016,NULL,1173047,8,0,0,NULL,0,NULL,NULL,0,5100076,0,50:03.8,CARDILLI,172.25.2.40,50:03.8,CARDILLI,172.25.2.40,0,NULL
5100088,5100016,NULL,1173048,9,0,0,NULL,0,NULL,NULL,0,5100077,0,50:03.8,CARDILLI,172.25.2.40,50:03.8,CARDILLI,172.25.2.40,0,NULL
5100089,5100016,NULL,1173049,Extremely likely,0,0,NULL,0,NULL,NULL,0,5100078,0,50:03.8,CARDILLI,172.25.2.40,50:03.8,CARDILLI,172.25.2.40,0,NULL
5100090,5100017,1173021,NULL,Yes,0,0,NULL,0,NULL,NULL,0,5100090,0,51:32.4,CARDILLI,172.25.2.40,51:32.4,CARDILLI,172.25.2.40,0,NULL
5100091,5100017,1173022,NULL,No,0,0,NULL,0,NULL,NULL,0,5100091,0,51:32.4,CARDILLI,172.25.2.40,51:32.4,CARDILLI,172.25.2.40,0,NULL
5100092,5100018,1173028,NULL,Strongly agree,0,0,NULL,0,NULL,NULL,0,5100092,0,53:24.3,CARDILLI,172.25.2.40,53:24.3,CARDILLI,172.25.2.40,0,NULL
5100093,5100018,1173029,NULL,Agree,0,0,NULL,0,NULL,NULL,0,5100093,0,53:24.3,CARDILLI,172.25.2.40,53:24.3,CARDILLI,172.25.2.40,0,NULL
5100094,5100018,1173030,NULL,Neither agree nor disagree,0,0,NULL,0,NULL,NULL,0,5100094,0,53:24.3,CARDILLI,172.25.2.40,53:24.3,CARDILLI,172.25.2.40,0,NULL
5100095,5100018,1173031,NULL,Somewhat disagree,0,0,NULL,0,NULL,NULL,0,5100095,0,53:24.3,CARDILLI,172.25.2.40,53:24.3,CARDILLI,172.25.2.40,0,NULL
5100096,5100018,1173032,NULL,Disagree,0,0,NULL,0,NULL,NULL,0,5100096,0,53:24.3,CARDILLI,172.25.2.40,53:24.3,CARDILLI,172.25.2.40,0,NULL
5100097,5100018,1173033,NULL,Strongly disagree,0,0,NULL,0,NULL,NULL,0,5100097,0,53:24.3,CARDILLI,172.25.2.40,53:24.3,CARDILLI,172.25.2.40,0,NULL
5100098,5100019,1173028,NULL,Strongly agree,0,0,NULL,0,NULL,NULL,0,5100098,0,54:18.1,CARDILLI,172.25.2.40,54:18.1,CARDILLI,172.25.2.40,0,NULL
5100099,5100019,1173029,NULL,Agree,0,0,NULL,0,NULL,NULL,0,5100099,0,54:18.1,CARDILLI,172.25.2.40,54:18.1,CARDILLI,172.25.2.40,0,NULL
5100100,5100019,1173030,NULL,Neither agree nor disagree,0,0,NULL,0,NULL,NULL,0,5100100,0,54:18.1,CARDILLI,172.25.2.40,54:18.1,CARDILLI,172.25.2.40,0,NULL
5100101,5100019,1173031,NULL,Somewhat disagree,0,0,NULL,0,NULL,NULL,0,5100101,0,54:18.1,CARDILLI,172.25.2.40,54:18.1,CARDILLI,172.25.2.40,0,NULL
5100102,5100019,1173032,NULL,Disagree,0,0,NULL,0,NULL,NULL,0,5100102,0,54:18.1,CARDILLI,172.25.2.40,54:18.1,CARDILLI,172.25.2.40,0,NULL
5100103,5100019,1173033,NULL,Strongly disagree,0,0,NULL,0,NULL,NULL,0,5100103,0,54:18.1,CARDILLI,172.25.2.40,54:18.1,CARDILLI,172.25.2.40,0,NULL
5100104,5100020,NULL,4900171,Severely insufficient,0,0,NULL,1,NULL,NULL,0,5100104,0,56:22.7,CARDILLI,172.25.2.40,56:22.7,CARDILLI,172.25.2.40,0,NULL
5100105,5100020,NULL,4900172,Insufficient,0,0,NULL,2,NULL,NULL,0,5100105,0,56:22.7,CARDILLI,172.25.2.40,56:22.7,CARDILLI,172.25.2.40,0,NULL
5100106,5100020,NULL,4900173,Adequate,0,0,NULL,3,NULL,NULL,0,5100106,0,56:22.7,CARDILLI,172.25.2.40,56:22.7,CARDILLI,172.25.2.40,0,NULL
5100107,5100020,NULL,4900174,Good,0,0,NULL,4,NULL,NULL,0,5100107,0,56:22.7,CARDILLI,172.25.2.40,56:22.7,CARDILLI,172.25.2.40,0,NULL
5100108,5100020,NULL,4900175,Excellent,0,0,NULL,5,NULL,NULL,0,5100108,0,56:22.7,CARDILLI,172.25.2.40,56:22.7,CARDILLI,172.25.2.40,0,NULL
5100109,5100021,1173028,NULL,Strongly agree,0,0,NULL,0,NULL,NULL,0,5100109,0,58:42.7,CARDILLI,172.25.2.40,58:42.7,CARDILLI,172.25.2.40,0,NULL
5100110,5100021,1173029,NULL,Agree,0,0,NULL,0,NULL,NULL,0,5100110,0,58:42.7,CARDILLI,172.25.2.40,58:42.7,CARDILLI,172.25.2.40,0,NULL
5100111,5100021,1173030,NULL,Neither agree nor disagree,0,0,NULL,0,NULL,NULL,0,5100111,0,58:42.7,CARDILLI,172.25.2.40,58:42.7,CARDILLI,172.25.2.40,0,NULL
5100112,5100021,1173031,NULL,Somewhat disagree,0,0,NULL,0,NULL,NULL,0,5100112,0,58:42.7,CARDILLI,172.25.2.40,58:42.7,CARDILLI,172.25.2.40,0,NULL
5100113,5100021,1173032,NULL,Disagree,0,0,NULL,0,NULL,NULL,0,5100113,0,58:42.7,CARDILLI,172.25.2.40,58:42.7,CARDILLI,172.25.2.40,0,NULL
5100114,5100021,1173033,NULL,Strongly disagree,0,0,NULL,0,NULL,NULL,0,5100114,0,58:42.7,CARDILLI,172.25.2.40,58:42.7,CARDILLI,172.25.2.40,0,NULL
5100115,5100022,1173016,NULL,Very satisfied,0,0,NULL,0,NULL,NULL,0,5100115,0,01:00.2,CARDILLI,172.25.2.40,01:00.2,CARDILLI,172.25.2.40,0,NULL
5100116,5100022,1173017,NULL,Somewhat satisfied,0,0,NULL,0,NULL,NULL,0,5100116,0,01:00.2,CARDILLI,172.25.2.40,01:00.2,CARDILLI,172.25.2.40,0,NULL
5100117,5100022,1173018,NULL,Neither satisfied nor dissatisfied,0,0,NULL,0,NULL,NULL,0,5100117,0,01:00.2,CARDILLI,172.25.2.40,01:00.2,CARDILLI,172.25.2.40,0,NULL
5100118,5100022,1173019,NULL,Somewhat dissatisfied,0,0,NULL,0,NULL,NULL,0,5100118,0,01:00.2,CARDILLI,172.25.2.40,01:00.2,CARDILLI,172.25.2.40,0,NULL
5100119,5100022,1173020,NULL,Very dissatisfied,0,0,NULL,0,NULL,NULL,0,5100119,0,01:00.2,CARDILLI,172.25.2.40,01:00.2,CARDILLI,172.25.2.40,0,NULL
500000002,500000002,500000021,NULL,Agree,0,0,NULL,0,NULL,NULL,0,NULL,NULL,34:21.6,PerformanceDemo01,::1,34:21.6,PerformanceDemo01,::1,0,NULL
500000003,500000002,500000022,NULL,Disagree,0,0,NULL,0,NULL,NULL,0,NULL,NULL,34:21.6,PerformanceDemo01,::1,34:21.6,PerformanceDemo01,::1,0,NULL
500000004,500000003,500000021,NULL,Agree,0,0,1,0,NULL,NULL,0,NULL,NULL,34:40.1,PerformanceDemo01,::1,34:40.1,PerformanceDemo01,::1,0,NULL
500000005,500000003,500000022,NULL,Disagree,0,0,0,0,NULL,NULL,0,NULL,NULL,34:40.1,PerformanceDemo01,::1,34:40.1,PerformanceDemo01,::1,0,NULL
500000006,500000004,500000021,NULL,Agree,0,0,1,0,NULL,NULL,0,NULL,NULL,35:00.3,PerformanceDemo01,::1,35:00.3,PerformanceDemo01,::1,0,NULL
500000007,500000004,500000022,NULL,Disagree,0,0,0,0,NULL,NULL,0,NULL,NULL,35:00.3,PerformanceDemo01,::1,35:00.3,PerformanceDemo01,::1,0,NULL
500000008,500000005,500000021,NULL,Agree,0,0,1,0,NULL,NULL,0,NULL,NULL,35:22.8,PerformanceDemo01,::1,35:22.8,PerformanceDemo01,::1,0,NULL
500000009,500000005,500000022,NULL,Disagree,0,0,0,0,NULL,NULL,0,NULL,NULL,35:22.8,PerformanceDemo01,::1,35:22.8,PerformanceDemo01,::1,0,NULL
500000010,500000006,500000021,NULL,Agree,0,0,1,0,NULL,NULL,0,NULL,NULL,37:17.9,PerformanceDemo01,::1,37:17.9,PerformanceDemo01,::1,0,NULL
500000011,500000006,500000022,NULL,Disagree,0,0,0,0,NULL,NULL,0,NULL,NULL,37:17.9,PerformanceDemo01,::1,37:17.9,PerformanceDemo01,::1,0,NULL
500000012,500000007,500000021,NULL,Agree,0,0,1,0,NULL,NULL,0,NULL,NULL,37:41.1,PerformanceDemo01,::1,37:41.1,PerformanceDemo01,::1,0,NULL
500000013,500000007,500000022,NULL,Disagree,0,0,0,0,NULL,NULL,0,NULL,NULL,37:41.1,PerformanceDemo01,::1,37:41.1,PerformanceDemo01,::1,0,NULL
500000014,500000008,500000021,NULL,Agree,0,0,1,0,NULL,NULL,0,NULL,NULL,37:59.5,PerformanceDemo01,::1,37:59.5,PerformanceDemo01,::1,0,NULL
500000015,500000008,500000022,NULL,Disagree,0,0,0,0,NULL,NULL,0,NULL,NULL,37:59.5,PerformanceDemo01,::1,37:59.5,PerformanceDemo01,::1,0,NULL
500000016,500000009,500000021,NULL,Agree,0,0,1,0,NULL,NULL,0,NULL,NULL,38:17.6,PerformanceDemo01,::1,38:17.6,PerformanceDemo01,::1,0,NULL
500000017,500000009,500000022,NULL,Disagree,0,0,0,0,NULL,NULL,0,NULL,NULL,38:17.6,PerformanceDemo01,::1,38:17.6,PerformanceDemo01,::1,0,NULL
500000018,500000010,500000021,NULL,Agree,0,0,1,0,NULL,NULL,0,NULL,NULL,38:31.4,PerformanceDemo01,::1,38:31.4,PerformanceDemo01,::1,0,NULL
500000019,500000010,500000022,NULL,Disagree,0,0,0,0,NULL,NULL,0,NULL,NULL,38:31.4,PerformanceDemo01,::1,38:31.4,PerformanceDemo01,::1,0,NULL
500000020,500000011,500000021,NULL,Agree,0,0,1,0,NULL,NULL,0,NULL,NULL,38:46.2,PerformanceDemo01,::1,38:46.2,PerformanceDemo01,::1,0,NULL
500000021,500000011,500000022,NULL,Disagree,0,0,0,0,NULL,NULL,0,NULL,NULL,38:46.2,PerformanceDemo01,::1,38:46.2,PerformanceDemo01,::1,0,NULL
500000022,500000012,500000021,NULL,Agree,0,0,1,0,NULL,NULL,0,NULL,NULL,39:00.1,PerformanceDemo01,::1,39:00.1,PerformanceDemo01,::1,0,NULL
500000023,500000012,500000022,NULL,Disagree,0,0,0,0,NULL,NULL,0,NULL,NULL,39:00.1,PerformanceDemo01,::1,39:00.1,PerformanceDemo01,::1,0,NULL
500000024,500000013,500000021,NULL,Agree,0,0,1,0,NULL,NULL,0,NULL,NULL,39:14.6,PerformanceDemo01,::1,39:14.6,PerformanceDemo01,::1,0,NULL
500000025,500000013,500000022,NULL,Disagree,0,0,0,0,NULL,NULL,0,NULL,NULL,39:14.6,PerformanceDemo01,::1,39:14.6,PerformanceDemo01,::1,0,NULL
500000026,500000014,500000021,NULL,Agree,0,0,1,0,NULL,NULL,0,NULL,NULL,39:27.3,PerformanceDemo01,::1,39:27.3,PerformanceDemo01,::1,0,NULL
500000027,500000014,500000022,NULL,Disagree,0,0,0,0,NULL,NULL,0,NULL,NULL,39:27.3,PerformanceDemo01,::1,39:27.3,PerformanceDemo01,::1,0,NULL
500000028,500000015,500000021,NULL,Agree,0,0,1,0,NULL,NULL,0,NULL,NULL,39:42.6,PerformanceDemo01,::1,39:42.6,PerformanceDemo01,::1,0,NULL
500000029,500000015,500000022,NULL,Disagree,0,0,0,0,NULL,NULL,0,NULL,NULL,39:42.6,PerformanceDemo01,::1,39:42.6,PerformanceDemo01,::1,0,NULL
500000030,500000016,500000021,NULL,Agree,0,0,1,0,NULL,NULL,0,NULL,NULL,39:57.5,PerformanceDemo01,::1,39:57.5,PerformanceDemo01,::1,0,NULL
500000031,500000016,500000022,NULL,Disagree,0,0,0,0,NULL,NULL,0,NULL,NULL,39:57.5,PerformanceDemo01,::1,39:57.5,PerformanceDemo01,::1,0,NULL
500000032,500000018,500000021,NULL,Agree,0,0,1,0,NULL,NULL,0,NULL,NULL,43:27.8,PerformanceDemo01,::1,43:27.8,PerformanceDemo01,::1,0,NULL
500000033,500000018,500000022,NULL,Disagree,0,0,0,0,NULL,NULL,0,NULL,NULL,43:27.8,PerformanceDemo01,::1,43:27.8,PerformanceDemo01,::1,0,NULL
500000034,500000019,500000021,NULL,Agree,0,0,1,0,NULL,NULL,0,NULL,NULL,43:51.2,PerformanceDemo01,::1,43:51.2,PerformanceDemo01,::1,0,NULL
500000035,500000019,500000022,NULL,Disagree,0,0,0,0,NULL,NULL,0,NULL,NULL,43:51.2,PerformanceDemo01,::1,43:51.2,PerformanceDemo01,::1,0,NULL
500000036,500000020,500000021,NULL,Agree,0,0,1,0,NULL,NULL,0,NULL,NULL,44:23.2,PerformanceDemo01,::1,44:23.2,PerformanceDemo01,::1,0,NULL
500000037,500000020,500000022,NULL,Disagree,0,0,0,0,NULL,NULL,0,NULL,NULL,44:23.2,PerformanceDemo01,::1,44:23.2,PerformanceDemo01,::1,0,NULL
500000038,500000021,500000021,NULL,Agree,0,0,1,0,NULL,NULL,0,NULL,NULL,44:40.1,PerformanceDemo01,::1,44:40.1,PerformanceDemo01,::1,0,NULL
500000039,500000021,500000022,NULL,Disagree,0,0,0,0,NULL,NULL,0,NULL,NULL,44:40.1,PerformanceDemo01,::1,44:40.1,PerformanceDemo01,::1,0,NULL
500000040,500000022,NULL,NULL,Sales,0,0,NULL,1,NULL,NULL,0,NULL,NULL,45:36.2,PerformanceDemo01,::1,45:36.2,PerformanceDemo01,::1,0,NULL
500000041,500000022,NULL,NULL,Marketing,0,0,NULL,2,NULL,NULL,0,NULL,NULL,45:36.2,PerformanceDemo01,::1,45:36.2,PerformanceDemo01,::1,0,NULL
500000042,500000022,NULL,NULL,Consultancy,0,0,NULL,3,NULL,NULL,0,NULL,NULL,45:36.2,PerformanceDemo01,::1,45:36.2,PerformanceDemo01,::1,0,NULL
500000043,500000022,NULL,NULL,R&D,0,0,NULL,4,NULL,NULL,0,NULL,NULL,45:36.2,PerformanceDemo01,::1,45:36.2,PerformanceDemo01,::1,0,NULL
500000044,500000023,NULL,NULL,In 6 Months,0,0,1,1,NULL,NULL,0,NULL,NULL,46:30.5,PerformanceDemo01,::1,46:30.5,PerformanceDemo01,::1,0,NULL
500000045,500000023,NULL,NULL,In 1 Year,0,0,0,2,NULL,NULL,0,NULL,NULL,46:30.5,PerformanceDemo01,::1,46:30.5,PerformanceDemo01,::1,0,NULL
500000046,500000023,NULL,NULL,In 2 Years,0,0,0,3,NULL,NULL,0,NULL,NULL,46:30.5,PerformanceDemo01,::1,46:30.5,PerformanceDemo01,::1,0,NULL
500000047,500000023,NULL,NULL,More than 2 years,0,0,0,4,NULL,NULL,0,NULL,NULL,46:30.5,PerformanceDemo01,::1,46:30.5,PerformanceDemo01,::1,0,NULL
500000048,500000026,NULL,NULL,< 10.000 €,0,0,0,1,NULL,NULL,0,NULL,NULL,14:04.6,PerformanceDemo01,::1,14:04.6,PerformanceDemo01,::1,0,NULL
500000049,500000026,NULL,NULL,<20.000 €,0,0,1,2,NULL,NULL,0,NULL,NULL,14:04.6,PerformanceDemo01,::1,14:04.6,PerformanceDemo01,::1,0,NULL
500000050,500000026,NULL,NULL,>20.000 €,0,0,5,3,NULL,NULL,0,NULL,NULL,14:04.6,PerformanceDemo01,::1,14:04.6,PerformanceDemo01,::1,0,NULL
500000051,500000027,NULL,NULL,Ferrovie,0,0,10,1,NULL,NULL,80,NULL,NULL,25:24.1,PerformanceDemo01,::1,25:24.1,PerformanceDemo01,::1,0,NULL
500000052,500000027,NULL,NULL,Brico Center,0,0,5,2,NULL,NULL,10,NULL,NULL,25:24.1,PerformanceDemo01,::1,25:24.1,PerformanceDemo01,::1,0,NULL
500000053,500000027,NULL,NULL,Ferrari,0,0,2,3,NULL,NULL,5,NULL,NULL,25:24.1,PerformanceDemo01,::1,25:24.1,PerformanceDemo01,::1,0,NULL
500000054,500000027,NULL,NULL,Gucci,0,0,2,4,NULL,NULL,5,NULL,NULL,25:24.1,PerformanceDemo01,::1,25:24.1,PerformanceDemo01,::1,0,NULL
500000055,500000027,NULL,NULL,Not enlisted,0,1,NULL,5,NULL,NULL,0,NULL,NULL,25:24.1,PerformanceDemo01,::1,25:24.1,PerformanceDemo01,::1,0,NULL
500000056,500000028,NULL,NULL,Excellent,0,0,NULL,1,NULL,NULL,0,500000056,0,19:50.5,HR_GLOBAL,::1,03:37.7,training-sprint1_Review_Survey_A,::1,1,NULL
500000057,500000028,NULL,NULL,Good,0,0,NULL,2,NULL,NULL,0,500000057,0,19:50.5,HR_GLOBAL,::1,03:37.7,training-sprint1_Review_Survey_A,::1,1,NULL
500000058,500000028,NULL,NULL,Bad,0,0,NULL,3,NULL,NULL,0,500000058,0,19:50.5,HR_GLOBAL,::1,03:37.7,training-sprint1_Review_Survey_A,::1,1,NULL
500000059,500000028,NULL,NULL,Worst. If yes why?,0,0,NULL,4,NULL,NULL,0,500000059,0,19:50.5,HR_GLOBAL,::1,03:37.7,training-sprint1_Review_Survey_A,::1,1,NULL
500000060,500000029,NULL,NULL,Laptop,0,0,NULL,1,NULL,NULL,0,500000060,0,20:53.4,HR_GLOBAL,::1,20:53.4,HR_GLOBAL,::1,0,NULL
500000061,500000029,NULL,NULL,Tablet,0,0,NULL,2,NULL,NULL,0,500000061,0,20:53.4,HR_GLOBAL,::1,20:53.4,HR_GLOBAL,::1,0,NULL
500000062,500000029,NULL,NULL,Smartphone,0,0,NULL,3,NULL,NULL,0,500000062,0,20:53.4,HR_GLOBAL,::1,20:53.4,HR_GLOBAL,::1,0,NULL
500000063,500000029,NULL,NULL,Monitor,0,0,NULL,4,NULL,NULL,0,500000063,0,20:53.4,HR_GLOBAL,::1,20:53.4,HR_GLOBAL,::1,0,NULL
500000064,500000029,NULL,NULL,Keyboard,0,0,NULL,5,NULL,NULL,0,500000064,0,20:53.4,HR_GLOBAL,::1,20:53.4,HR_GLOBAL,::1,0,NULL
500000065,500000031,NULL,NULL,Project,0,0,NULL,1,NULL,NULL,0,500000065,0,22:51.9,HR_GLOBAL,::1,22:51.9,HR_GLOBAL,::1,0,NULL
500000066,500000031,NULL,NULL,Boss,0,0,NULL,2,NULL,NULL,0,500000066,0,22:51.9,HR_GLOBAL,::1,22:51.9,HR_GLOBAL,::1,0,NULL
500000067,500000031,NULL,NULL,Teamwork,0,0,NULL,3,NULL,NULL,0,500000067,0,22:51.9,HR_GLOBAL,::1,22:51.9,HR_GLOBAL,::1,0,NULL
500000068,500000031,NULL,NULL,Salary,0,0,NULL,4,NULL,NULL,0,500000068,0,22:51.9,HR_GLOBAL,::1,22:51.9,HR_GLOBAL,::1,0,NULL
500000069,500000031,NULL,NULL,Assets,0,0,NULL,5,NULL,NULL,0,500000069,0,22:51.9,HR_GLOBAL,::1,22:51.9,HR_GLOBAL,::1,0,NULL
500000070,500000031,NULL,NULL,Working hours,0,0,NULL,6,NULL,NULL,0,500000070,0,22:51.9,HR_GLOBAL,::1,22:51.9,HR_GLOBAL,::1,0,NULL
500000071,500000032,NULL,NULL,Health insurance,0,0,NULL,1,NULL,NULL,0,500000071,0,23:53.7,HR_GLOBAL,::1,23:53.7,HR_GLOBAL,::1,0,NULL
500000072,500000032,NULL,NULL,Travel,0,0,NULL,2,NULL,NULL,0,500000072,0,23:53.7,HR_GLOBAL,::1,23:53.7,HR_GLOBAL,::1,0,NULL
500000073,500000032,NULL,NULL,Training,0,0,NULL,3,NULL,NULL,0,500000073,0,23:53.7,HR_GLOBAL,::1,23:53.7,HR_GLOBAL,::1,0,NULL
500000074,500000032,NULL,NULL,Amazon,0,0,NULL,4,NULL,NULL,0,500000074,0,23:53.7,HR_GLOBAL,::1,23:53.7,HR_GLOBAL,::1,0,NULL
500000075,500000033,NULL,NULL,Core HR,0,0,112,1,NULL,NULL,0,500000075,0,17:11.9,HCMDemo01,172.25.2.103,56:09.7,HCMDemo01,::1,1,NULL
500000076,500000033,NULL,NULL,Absence,0,0,111,2,NULL,NULL,0,500000076,0,17:11.9,HCMDemo01,172.25.2.103,56:09.7,HCMDemo01,::1,1,NULL
500000077,500000033,NULL,NULL,Performance,0,0,111,3,NULL,NULL,0,500000077,0,17:11.9,HCMDemo01,172.25.2.103,56:09.7,HCMDemo01,::1,1,NULL
500000078,500000033,NULL,NULL,Salary Analysis,0,0,111,4,NULL,NULL,0,500000078,0,17:11.9,HCMDemo01,172.25.2.103,56:09.7,HCMDemo01,::1,1,NULL
500000079,500000033,NULL,NULL,Pay Review,0,0,111,5,NULL,NULL,0,500000079,0,17:11.9,HCMDemo01,172.25.2.103,56:09.7,HCMDemo01,::1,1,NULL
500000080,500000033,NULL,NULL,Recruiting,0,0,111,6,NULL,NULL,0,500000080,0,17:11.9,HCMDemo01,172.25.2.103,56:09.7,HCMDemo01,::1,1,NULL
500000081,500000033,NULL,NULL,Time and Attendance,0,0,0,7,NULL,NULL,0,500000081,0,17:11.9,HCMDemo01,172.25.2.103,17:11.9,HCMDemo01,172.25.2.103,0,NULL
500000082,500000033,NULL,NULL,Talent,0,0,111,8,NULL,NULL,0,500000082,0,17:11.9,HCMDemo01,172.25.2.103,56:09.7,HCMDemo01,::1,1,NULL
500000083,500000033,NULL,NULL,Succession and Career,0,0,111,9,NULL,NULL,0,500000083,0,17:11.9,HCMDemo01,172.25.2.103,56:09.7,HCMDemo01,::1,1,NULL
500000084,500000033,NULL,NULL,Analytics,0,0,111,10,NULL,NULL,0,500000084,0,17:11.9,HCMDemo01,172.25.2.103,56:09.7,HCMDemo01,::1,1,NULL
500000085,500000034,NULL,NULL,Staging Table,0,0,500,1,NULL,NULL,0,500000085,0,18:50.9,HCMDemo01,172.25.2.103,56:48.4,HCMDemo01,::1,1,NULL
500000086,500000034,NULL,NULL,File,0,0,500,2,NULL,NULL,0,500000086,0,18:50.9,HCMDemo01,172.25.2.103,56:48.4,HCMDemo01,::1,1,NULL
500000087,500000034,NULL,NULL,SOA Message,0,0,500,3,NULL,NULL,0,500000087,0,18:50.9,HCMDemo01,172.25.2.103,56:48.4,HCMDemo01,::1,1,NULL
500000088,500000034,NULL,NULL,Zucchetti Web Services,0,0,500,4,NULL,NULL,0,500000088,0,18:50.9,HCMDemo01,172.25.2.103,56:48.4,HCMDemo01,::1,1,NULL
500000089,500000034,NULL,NULL,SAP Web Services,0,0,0,5,NULL,NULL,0,500000089,0,18:50.9,HCMDemo01,172.25.2.103,18:50.9,HCMDemo01,172.25.2.103,0,NULL
500000090,500000034,NULL,NULL,Oracle Web Services,0,0,0,6,NULL,NULL,0,500000090,0,18:50.9,HCMDemo01,172.25.2.103,18:50.9,HCMDemo01,172.25.2.103,0,NULL
500000091,500000035,NULL,NULL,ADFS,0,0,500,1,NULL,NULL,0,500000091,0,20:13.2,HCMDemo01,172.25.2.103,57:11.1,HCMDemo01,::1,1,NULL
500000092,500000035,NULL,NULL,LDAP,0,0,0,2,NULL,NULL,0,500000092,0,20:13.2,HCMDemo01,172.25.2.103,20:13.2,HCMDemo01,172.25.2.103,0,NULL
500000093,500000035,NULL,NULL,NT Authentication,0,0,0,3,NULL,NULL,0,500000093,0,20:13.2,HCMDemo01,172.25.2.103,20:13.2,HCMDemo01,172.25.2.103,0,NULL
500000094,500000035,NULL,NULL,SSO,0,0,500,4,NULL,NULL,0,500000094,0,20:13.2,HCMDemo01,172.25.2.103,57:11.1,HCMDemo01,::1,1,NULL
500000095,500000035,NULL,NULL,Proprietary,0,0,500,5,NULL,NULL,0,500000095,0,20:13.2,HCMDemo01,172.25.2.103,57:11.1,HCMDemo01,::1,1,NULL
500000096,500000036,NULL,NULL,Yes,0,0,0,1,NULL,NULL,0,500000096,0,22:54.0,HCMDemo01,172.25.2.103,22:54.0,HCMDemo01,172.25.2.103,0,NULL
500000097,500000036,NULL,NULL,No,0,0,1500,2,NULL,NULL,0,500000097,0,22:54.0,HCMDemo01,172.25.2.103,57:22.7,HCMDemo01,::1,1,NULL
500000098,500000037,NULL,NULL,Yes,0,0,1000,1,NULL,NULL,0,500000098,0,23:43.2,HCMDemo01,172.25.2.103,23:43.2,HCMDemo01,172.25.2.103,0,NULL
500000099,500000037,NULL,NULL,No,0,0,0,2,NULL,NULL,0,500000099,0,23:43.2,HCMDemo01,172.25.2.103,23:43.2,HCMDemo01,172.25.2.103,0,NULL
500000100,500000038,NULL,NULL,You can define FTE% on Deployment,0,0,1000,1,NULL,NULL,0,500000100,0,26:12.1,HCMDemo01,172.25.2.103,58:24.1,HCMDemo01,::1,1,NULL
500000101,500000038,NULL,NULL,Talentia HCM cab be master of Payslips,0,0,0,2,NULL,NULL,0,500000101,0,26:12.1,HCMDemo01,172.25.2.103,26:12.1,HCMDemo01,172.25.2.103,0,NULL
500000102,500000038,NULL,NULL,You can define simultaneous Jobs ,0,0,1000,3,NULL,NULL,0,500000102,0,26:12.1,HCMDemo01,172.25.2.103,58:24.1,HCMDemo01,::1,1,NULL
500000103,500000038,NULL,NULL,You cannot Delete People once inserted,0,0,0,4,NULL,NULL,0,500000103,0,26:12.1,HCMDemo01,172.25.2.103,26:12.1,HCMDemo01,172.25.2.103,0,NULL
500000104,500000038,NULL,NULL,You can define HR with limited visibility,0,0,1000,5,NULL,NULL,0,500000104,0,26:12.1,HCMDemo01,172.25.2.103,58:24.1,HCMDemo01,::1,1,NULL
500000105,500000039,NULL,NULL,Documents Download,0,0,-100,1,NULL,NULL,0,500000105,0,27:26.5,HCMDemo01,172.25.2.103,58:38.7,HCMDemo01,::1,1,NULL
500000106,500000039,NULL,NULL,Performance Appraisals,0,0,-100,2,NULL,NULL,0,500000106,0,27:26.5,HCMDemo01,172.25.2.103,58:38.7,HCMDemo01,::1,1,NULL
500000107,500000039,NULL,NULL,Action Plan,0,0,-100,3,NULL,NULL,0,500000107,0,27:26.5,HCMDemo01,172.25.2.103,58:38.7,HCMDemo01,::1,1,NULL
500000108,500000039,NULL,NULL,Team Monitor,0,0,-100,4,NULL,NULL,0,500000108,0,27:26.5,HCMDemo01,172.25.2.103,58:38.7,HCMDemo01,::1,1,NULL
500000109,500000039,NULL,NULL,Absence Management,0,0,-100,5,NULL,NULL,0,500000109,0,27:26.5,HCMDemo01,172.25.2.103,58:38.7,HCMDemo01,::1,1,NULL
500100001,500100001,NULL,NULL,Object Oriented,0,0,100,1,NULL,NULL,0,500100001,0,22:59.1,HRPROF,::1,44:05.3,HCMDemo01,::1,3,NULL
500100002,500100001,NULL,NULL,Procedural,0,0,0,2,NULL,NULL,0,500100002,0,22:59.1,HRPROF,::1,22:59.1,HRPROF,::1,0,NULL
1000000001,1000000001,1173028,NULL,Strongly agree,0,0,50,0,NULL,NULL,0,1000000001,0,49:23.5,Lucia,::1,49:23.5,Lucia,::1,0,NULL
1000000002,1000000001,1173029,NULL,Agree,0,0,NULL,0,NULL,NULL,0,1000000002,0,49:23.5,Lucia,::1,49:23.5,Lucia,::1,0,NULL
1000000003,1000000001,1173030,NULL,Neither agree nor disagree,0,0,NULL,0,NULL,NULL,0,1000000003,0,49:23.5,Lucia,::1,49:23.5,Lucia,::1,0,NULL
1000000004,1000000001,1173031,NULL,Somewhat disagree,0,0,NULL,0,NULL,NULL,0,1000000004,0,49:23.5,Lucia,::1,49:23.5,Lucia,::1,0,NULL
1000000005,1000000001,1173032,NULL,Disagree,0,0,NULL,0,NULL,NULL,0,1000000005,0,49:23.5,Lucia,::1,49:23.5,Lucia,::1,0,NULL
1000000006,1000000001,1173033,NULL,Strongly disagree,0,0,NULL,0,NULL,NULL,0,1000000006,0,49:23.5,Lucia,::1,49:23.5,Lucia,::1,0,NULL
1000000007,1000000002,1173028,NULL,Strongly agree,0,0,50,0,NULL,NULL,0,1000000007,0,49:48.9,Lucia,::1,49:48.9,Lucia,::1,0,NULL
1000000008,1000000002,1173029,NULL,Agree,0,0,NULL,0,NULL,NULL,0,1000000008,0,49:48.9,Lucia,::1,49:48.9,Lucia,::1,0,NULL
1000000009,1000000002,1173030,NULL,Neither agree nor disagree,0,0,NULL,0,NULL,NULL,0,1000000009,0,49:48.9,Lucia,::1,49:48.9,Lucia,::1,0,NULL
1000000010,1000000002,1173031,NULL,Somewhat disagree,0,0,NULL,0,NULL,NULL,0,1000000010,0,49:48.9,Lucia,::1,49:48.9,Lucia,::1,0,NULL
1000000011,1000000002,1173032,NULL,Disagree,0,0,NULL,0,NULL,NULL,0,1000000011,0,49:48.9,Lucia,::1,49:48.9,Lucia,::1,0,NULL
1000000012,1000000002,1173033,NULL,Strongly disagree,0,0,NULL,0,NULL,NULL,0,1000000012,0,49:48.9,Lucia,::1,49:48.9,Lucia,::1,0,NULL
